[INFO] Scanning for projects...
[INFO] 
[INFO] ------------------< com.twitter:notification-service >------------------
[INFO] Building  0.0.1-SNAPSHOT
[INFO]   from pom.xml
[INFO] --------------------------------[ jar ]---------------------------------
[INFO] 
[INFO] >>> spring-boot:4.0.7:run (default-cli) > test-compile @ notification-service >>>
[INFO] 
[INFO] --- resources:3.3.1:resources (default-resources) @ notification-service ---
[INFO] Copying 2 resources from src/main/resources to target/classes
[INFO] Copying 0 resource from src/main/resources to target/classes
[INFO] 
[INFO] --- compiler:3.14.1:compile (default-compile) @ notification-service ---
[INFO] Nothing to compile - all classes are up to date.
[INFO] 
[INFO] --- resources:3.3.1:testResources (default-testResources) @ notification-service ---
[INFO] skip non existing resourceDirectory /home/md-quayem-ashraf/Desktop/TwitterClone/notification-service/src/test/resources
[INFO] 
[INFO] --- compiler:3.14.1:testCompile (default-testCompile) @ notification-service ---
[INFO] Nothing to compile - all classes are up to date.
[INFO] 
[INFO] <<< spring-boot:4.0.7:run (default-cli) < test-compile @ notification-service <<<
[INFO] 
[INFO] 
[INFO] --- spring-boot:4.0.7:run (default-cli) @ notification-service ---
[INFO] Attaching agents: []

  .   ____          _            __ _ _
 /\\ / ___'_ __ _ _(_)_ __  __ _ \ \ \ \
( ( )\___ | '_ | '_| | '_ \/ _` | \ \ \ \
 \\/  ___)| |_)| | | | | || (_| |  ) ) ) )
  '  |____| .__|_| |_|_| |_\__, | / / / /
 =========|_|==============|___/=/_/_/_/

 :: Spring Boot ::                (v4.0.7)

2026-07-04T11:25:40.924+05:30  INFO 8436 --- [notification-service] [  restartedMain] c.t.n.s.NotificationServiceApplication   : Starting NotificationServiceApplication using Java 17.0.19 with PID 8436 (/home/md-quayem-ashraf/Desktop/TwitterClone/notification-service/target/classes started by md-quayem-ashraf in /home/md-quayem-ashraf/Desktop/TwitterClone/notification-service)
2026-07-04T11:25:40.947+05:30  INFO 8436 --- [notification-service] [  restartedMain] c.t.n.s.NotificationServiceApplication   : No active profile set, falling back to 1 default profile: "default"
2026-07-04T11:25:41.301+05:30  INFO 8436 --- [notification-service] [  restartedMain] .e.DevToolsPropertyDefaultsPostProcessor : Devtools property defaults active! Set 'spring.devtools.add-properties' to 'false' to disable
2026-07-04T11:25:41.301+05:30  INFO 8436 --- [notification-service] [  restartedMain] .e.DevToolsPropertyDefaultsPostProcessor : For additional web related logging consider setting the 'logging.level.web' property to 'DEBUG'
2026-07-04T11:25:45.947+05:30  INFO 8436 --- [notification-service] [  restartedMain] .s.d.r.c.RepositoryConfigurationDelegate : Bootstrapping Spring Data JPA repositories in DEFAULT mode.
2026-07-04T11:25:46.408+05:30  INFO 8436 --- [notification-service] [  restartedMain] .s.d.r.c.RepositoryConfigurationDelegate : Finished Spring Data repository scanning in 429 ms. Found 1 JPA repository interface.
2026-07-04T11:25:47.396+05:30  INFO 8436 --- [notification-service] [  restartedMain] o.s.cloud.context.scope.GenericScope     : BeanFactory id=a15b3f16-b456-3330-ab85-337f942ed26d
2026-07-04T11:25:49.062+05:30  INFO 8436 --- [notification-service] [  restartedMain] o.s.boot.tomcat.TomcatWebServer          : Tomcat initialized with port 8083 (http)
2026-07-04T11:25:49.105+05:30  INFO 8436 --- [notification-service] [  restartedMain] o.apache.catalina.core.StandardService   : Starting service [Tomcat]
2026-07-04T11:25:49.106+05:30  INFO 8436 --- [notification-service] [  restartedMain] o.apache.catalina.core.StandardEngine    : Starting Servlet engine: [Apache Tomcat/11.0.22]
2026-07-04T11:25:49.220+05:30  INFO 8436 --- [notification-service] [  restartedMain] b.w.c.s.WebApplicationContextInitializer : Root WebApplicationContext: initialization completed in 7916 ms
2026-07-04T11:25:49.827+05:30  INFO 8436 --- [notification-service] [  restartedMain] org.hibernate.orm.jpa                    : HHH008540: Processing PersistenceUnitInfo [name: default]
2026-07-04T11:25:50.231+05:30  INFO 8436 --- [notification-service] [  restartedMain] org.hibernate.orm.core                   : HHH000001: Hibernate ORM core version 7.2.19.Final
2026-07-04T11:25:52.185+05:30  INFO 8436 --- [notification-service] [  restartedMain] o.s.o.j.p.SpringPersistenceUnitInfo      : No LoadTimeWeaver setup: ignoring JPA class transformer
2026-07-04T11:25:52.308+05:30  INFO 8436 --- [notification-service] [  restartedMain] com.zaxxer.hikari.HikariDataSource       : HikariPool-1 - Starting...
2026-07-04T11:25:53.238+05:30  INFO 8436 --- [notification-service] [  restartedMain] com.zaxxer.hikari.pool.HikariPool        : HikariPool-1 - Added connection org.postgresql.jdbc.PgConnection@7b7f81bc
2026-07-04T11:25:53.242+05:30  INFO 8436 --- [notification-service] [  restartedMain] com.zaxxer.hikari.HikariDataSource       : HikariPool-1 - Start completed.
2026-07-04T11:25:53.489+05:30  INFO 8436 --- [notification-service] [  restartedMain] org.hibernate.orm.connections.pooling    : HHH10001005: Database info:
	Database JDBC URL [jdbc:postgresql://localhost:5432/notification-service]
	Database driver: PostgreSQL JDBC Driver
	Database dialect: PostgreSQLDialect
	Database version: 16.14
	Default catalog/schema: notification-service/public
	Autocommit mode: undefined/unknown
	Isolation level: READ_COMMITTED [default READ_COMMITTED]
	JDBC fetch size: none
	Pool: DataSourceConnectionProvider
	Minimum pool size: undefined/unknown
	Maximum pool size: undefined/unknown
2026-07-04T11:25:58.118+05:30  INFO 8436 --- [notification-service] [  restartedMain] org.hibernate.orm.core                   : HHH000489: No JTA platform available (set 'hibernate.transaction.jta.platform' to enable JTA platform integration)
2026-07-04T11:25:58.334+05:30  INFO 8436 --- [notification-service] [  restartedMain] j.LocalContainerEntityManagerFactoryBean : Initialized JPA EntityManagerFactory for persistence unit 'default'
2026-07-04T11:25:58.603+05:30  INFO 8436 --- [notification-service] [  restartedMain] o.s.d.j.r.query.QueryEnhancerFactories   : Hibernate is in classpath; If applicable, HQL parser will be used.
2026-07-04T11:25:59.898+05:30  WARN 8436 --- [notification-service] [  restartedMain] JpaBaseConfiguration$JpaWebConfiguration : spring.jpa.open-in-view is enabled by default. Therefore, database queries may be performed during view rendering. Explicitly configure spring.jpa.open-in-view to disable this warning
2026-07-04T11:26:01.284+05:30  INFO 8436 --- [notification-service] [  restartedMain] DiscoveryClientOptionalArgsConfiguration : Eureka HTTP Client uses RestClient.
2026-07-04T11:26:01.420+05:30  WARN 8436 --- [notification-service] [  restartedMain] iguration$LoadBalancerCaffeineWarnLogger : Spring Cloud LoadBalancer is currently working with the default cache. While this cache implementation is useful for development and tests, it's recommended to use Caffeine cache in production.You can switch to using Caffeine cache, by adding it and org.springframework.cache.caffeine.CaffeineCacheManager to the classpath.
2026-07-04T11:26:01.714+05:30  INFO 8436 --- [notification-service] [  restartedMain] o.s.c.n.eureka.InstanceInfoFactory       : Setting initial instance status as: STARTING
2026-07-04T11:26:01.811+05:30  INFO 8436 --- [notification-service] [  restartedMain] com.netflix.discovery.DiscoveryClient    : Initializing Eureka in region us-east-1
2026-07-04T11:26:01.820+05:30  INFO 8436 --- [notification-service] [  restartedMain] c.n.d.s.r.aws.ConfigClusterResolver      : Resolving eureka endpoints via configuration
2026-07-04T11:26:01.863+05:30  INFO 8436 --- [notification-service] [  restartedMain] com.netflix.discovery.DiscoveryClient    : Disable delta property : false
2026-07-04T11:26:01.864+05:30  INFO 8436 --- [notification-service] [  restartedMain] com.netflix.discovery.DiscoveryClient    : Single vip registry refresh property : null
2026-07-04T11:26:01.865+05:30  INFO 8436 --- [notification-service] [  restartedMain] com.netflix.discovery.DiscoveryClient    : Force full registry fetch : false
2026-07-04T11:26:01.866+05:30  INFO 8436 --- [notification-service] [  restartedMain] com.netflix.discovery.DiscoveryClient    : Application is null : false
2026-07-04T11:26:01.866+05:30  INFO 8436 --- [notification-service] [  restartedMain] com.netflix.discovery.DiscoveryClient    : Registered Applications size is zero : true
2026-07-04T11:26:01.866+05:30  INFO 8436 --- [notification-service] [  restartedMain] com.netflix.discovery.DiscoveryClient    : Application version is -1: true
2026-07-04T11:26:01.866+05:30  INFO 8436 --- [notification-service] [  restartedMain] com.netflix.discovery.DiscoveryClient    : Getting all instance registry info from the eureka server
2026-07-04T11:26:02.836+05:30  INFO 8436 --- [notification-service] [  restartedMain] com.netflix.discovery.DiscoveryClient    : The response status is 200
2026-07-04T11:26:02.840+05:30  INFO 8436 --- [notification-service] [  restartedMain] com.netflix.discovery.DiscoveryClient    : Starting heartbeat executor: renew interval is: 30
2026-07-04T11:26:02.852+05:30  INFO 8436 --- [notification-service] [  restartedMain] c.n.discovery.InstanceInfoReplicator     : InstanceInfoReplicator onDemand update allowed rate per min is 4
2026-07-04T11:26:02.862+05:30  INFO 8436 --- [notification-service] [  restartedMain] com.netflix.discovery.DiscoveryClient    : Discovery Client initialized at timestamp 1783144562860 with initial instances count: 1
2026-07-04T11:26:02.883+05:30  INFO 8436 --- [notification-service] [  restartedMain] o.s.c.n.e.s.EurekaServiceRegistry        : Registering application NOTIFICATION-SERVICE with eureka with status UP
2026-07-04T11:26:02.885+05:30  INFO 8436 --- [notification-service] [  restartedMain] com.netflix.discovery.DiscoveryClient    : Saw local status change event StatusChangeEvent [timestamp=1783144562885, current=UP, previous=STARTING]
2026-07-04T11:26:02.892+05:30  INFO 8436 --- [notification-service] [foReplicator-%d] com.netflix.discovery.DiscoveryClient    : DiscoveryClient_NOTIFICATION-SERVICE/10.10.3.10:notification-service:8083: registering service...
2026-07-04T11:26:02.964+05:30  INFO 8436 --- [notification-service] [  restartedMain] o.s.boot.tomcat.TomcatWebServer          : Tomcat started on port 8083 (http) with context path '/'
2026-07-04T11:26:02.966+05:30  INFO 8436 --- [notification-service] [  restartedMain] .s.c.n.e.s.EurekaAutoServiceRegistration : Updating port to 8083
2026-07-04T11:26:03.090+05:30  INFO 8436 --- [notification-service] [foReplicator-%d] com.netflix.discovery.DiscoveryClient    : DiscoveryClient_NOTIFICATION-SERVICE/10.10.3.10:notification-service:8083 - registration status: 204
2026-07-04T11:26:03.162+05:30  INFO 8436 --- [notification-service] [  restartedMain] o.a.kafka.common.config.AbstractConfig   : ConsumerConfig values: 
	allow.auto.create.topics = true
	auto.commit.interval.ms = 5000
	auto.offset.reset = latest
	bootstrap.servers = [localhost:9092]
	check.crcs = true
	client.dns.lookup = use_all_dns_ips
	client.id = consumer-notification-group-1
	client.rack = 
	connections.max.idle.ms = 540000
	default.api.timeout.ms = 60000
	enable.auto.commit = false
	enable.metrics.push = true
	exclude.internal.topics = true
	fetch.max.bytes = 52428800
	fetch.max.wait.ms = 500
	fetch.min.bytes = 1
	group.id = notification-group
	group.instance.id = null
	group.protocol = classic
	group.remote.assignor = null
	heartbeat.interval.ms = 3000
	interceptor.classes = []
	internal.leave.group.on.close = true
	internal.throw.on.fetch.stable.offset.unsupported = false
	isolation.level = read_uncommitted
	key.deserializer = class org.springframework.kafka.support.serializer.ErrorHandlingDeserializer
	max.partition.fetch.bytes = 1048576
	max.poll.interval.ms = 300000
	max.poll.records = 500
	metadata.max.age.ms = 300000
	metadata.recovery.rebootstrap.trigger.ms = 300000
	metadata.recovery.strategy = rebootstrap
	metric.reporters = [org.apache.kafka.common.metrics.JmxReporter]
	metrics.num.samples = 2
	metrics.recording.level = INFO
	metrics.sample.window.ms = 30000
	partition.assignment.strategy = [class org.apache.kafka.clients.consumer.RangeAssignor, class org.apache.kafka.clients.consumer.CooperativeStickyAssignor]
	receive.buffer.bytes = 65536
	reconnect.backoff.max.ms = 1000
	reconnect.backoff.ms = 50
	request.timeout.ms = 30000
	retry.backoff.max.ms = 1000
	retry.backoff.ms = 100
	sasl.client.callback.handler.class = null
	sasl.jaas.config = null
	sasl.kerberos.kinit.cmd = /usr/bin/kinit
	sasl.kerberos.min.time.before.relogin = 60000
	sasl.kerberos.service.name = null
	sasl.kerberos.ticket.renew.jitter = 0.05
	sasl.kerberos.ticket.renew.window.factor = 0.8
	sasl.login.callback.handler.class = null
	sasl.login.class = null
	sasl.login.connect.timeout.ms = null
	sasl.login.read.timeout.ms = null
	sasl.login.refresh.buffer.seconds = 300
	sasl.login.refresh.min.period.seconds = 60
	sasl.login.refresh.window.factor = 0.8
	sasl.login.refresh.window.jitter = 0.05
	sasl.login.retry.backoff.max.ms = 10000
	sasl.login.retry.backoff.ms = 100
	sasl.mechanism = GSSAPI
	sasl.oauthbearer.assertion.algorithm = RS256
	sasl.oauthbearer.assertion.claim.aud = null
	sasl.oauthbearer.assertion.claim.exp.seconds = 300
	sasl.oauthbearer.assertion.claim.iss = null
	sasl.oauthbearer.assertion.claim.jti.include = false
	sasl.oauthbearer.assertion.claim.nbf.seconds = 60
	sasl.oauthbearer.assertion.claim.sub = null
	sasl.oauthbearer.assertion.file = null
	sasl.oauthbearer.assertion.private.key.file = null
	sasl.oauthbearer.assertion.private.key.passphrase = null
	sasl.oauthbearer.assertion.template.file = null
	sasl.oauthbearer.client.credentials.client.id = null
	sasl.oauthbearer.client.credentials.client.secret = null
	sasl.oauthbearer.clock.skew.seconds = 30
	sasl.oauthbearer.expected.audience = null
	sasl.oauthbearer.expected.issuer = null
	sasl.oauthbearer.header.urlencode = false
	sasl.oauthbearer.jwks.endpoint.refresh.ms = 3600000
	sasl.oauthbearer.jwks.endpoint.retry.backoff.max.ms = 10000
	sasl.oauthbearer.jwks.endpoint.retry.backoff.ms = 100
	sasl.oauthbearer.jwks.endpoint.url = null
	sasl.oauthbearer.jwt.retriever.class = class org.apache.kafka.common.security.oauthbearer.DefaultJwtRetriever
	sasl.oauthbearer.jwt.validator.class = class org.apache.kafka.common.security.oauthbearer.DefaultJwtValidator
	sasl.oauthbearer.scope = null
	sasl.oauthbearer.scope.claim.name = scope
	sasl.oauthbearer.sub.claim.name = sub
	sasl.oauthbearer.token.endpoint.url = null
	security.protocol = PLAINTEXT
	security.providers = null
	send.buffer.bytes = 131072
	session.timeout.ms = 45000
	share.acknowledgement.mode = implicit
	socket.connection.setup.timeout.max.ms = 30000
	socket.connection.setup.timeout.ms = 10000
	ssl.cipher.suites = null
	ssl.enabled.protocols = [TLSv1.2, TLSv1.3]
	ssl.endpoint.identification.algorithm = https
	ssl.engine.factory.class = null
	ssl.key.password = null
	ssl.keymanager.algorithm = SunX509
	ssl.keystore.certificate.chain = null
	ssl.keystore.key = null
	ssl.keystore.location = null
	ssl.keystore.password = null
	ssl.keystore.type = JKS
	ssl.protocol = TLSv1.3
	ssl.provider = null
	ssl.secure.random.implementation = null
	ssl.trustmanager.algorithm = PKIX
	ssl.truststore.certificates = null
	ssl.truststore.location = null
	ssl.truststore.password = null
	ssl.truststore.type = JKS
	value.deserializer = class org.springframework.kafka.support.serializer.ErrorHandlingDeserializer

2026-07-04T11:26:03.389+05:30  INFO 8436 --- [notification-service] [  restartedMain] o.a.k.c.t.i.KafkaMetricsCollector        : initializing Kafka metrics collector
2026-07-04T11:26:03.890+05:30  INFO 8436 --- [notification-service] [  restartedMain] o.a.kafka.common.utils.AppInfoParser     : Kafka version: 4.1.2
2026-07-04T11:26:03.895+05:30  INFO 8436 --- [notification-service] [  restartedMain] o.a.kafka.common.utils.AppInfoParser     : Kafka commitId: c82fd9b934b4c1e6
2026-07-04T11:26:03.895+05:30  INFO 8436 --- [notification-service] [  restartedMain] o.a.kafka.common.utils.AppInfoParser     : Kafka startTimeMs: 1783144563887
2026-07-04T11:26:03.967+05:30  INFO 8436 --- [notification-service] [  restartedMain] o.a.k.c.c.i.ClassicKafkaConsumer         : [Consumer clientId=consumer-notification-group-1, groupId=notification-group] Subscribed to topic(s): notification-topic
2026-07-04T11:26:04.060+05:30  INFO 8436 --- [notification-service] [  restartedMain] o.a.kafka.common.config.AbstractConfig   : ConsumerConfig values: 
	allow.auto.create.topics = true
	auto.commit.interval.ms = 5000
	auto.offset.reset = latest
	bootstrap.servers = [localhost:9092]
	check.crcs = true
	client.dns.lookup = use_all_dns_ips
	client.id = consumer-notification-interaction-group-2
	client.rack = 
	connections.max.idle.ms = 540000
	default.api.timeout.ms = 60000
	enable.auto.commit = false
	enable.metrics.push = true
	exclude.internal.topics = true
	fetch.max.bytes = 52428800
	fetch.max.wait.ms = 500
	fetch.min.bytes = 1
	group.id = notification-interaction-group
	group.instance.id = null
	group.protocol = classic
	group.remote.assignor = null
	heartbeat.interval.ms = 3000
	interceptor.classes = []
	internal.leave.group.on.close = true
	internal.throw.on.fetch.stable.offset.unsupported = false
	isolation.level = read_uncommitted
	key.deserializer = class org.springframework.kafka.support.serializer.ErrorHandlingDeserializer
	max.partition.fetch.bytes = 1048576
	max.poll.interval.ms = 300000
	max.poll.records = 500
	metadata.max.age.ms = 300000
	metadata.recovery.rebootstrap.trigger.ms = 300000
	metadata.recovery.strategy = rebootstrap
	metric.reporters = [org.apache.kafka.common.metrics.JmxReporter]
	metrics.num.samples = 2
	metrics.recording.level = INFO
	metrics.sample.window.ms = 30000
	partition.assignment.strategy = [class org.apache.kafka.clients.consumer.RangeAssignor, class org.apache.kafka.clients.consumer.CooperativeStickyAssignor]
	receive.buffer.bytes = 65536
	reconnect.backoff.max.ms = 1000
	reconnect.backoff.ms = 50
	request.timeout.ms = 30000
	retry.backoff.max.ms = 1000
	retry.backoff.ms = 100
	sasl.client.callback.handler.class = null
	sasl.jaas.config = null
	sasl.kerberos.kinit.cmd = /usr/bin/kinit
	sasl.kerberos.min.time.before.relogin = 60000
	sasl.kerberos.service.name = null
	sasl.kerberos.ticket.renew.jitter = 0.05
	sasl.kerberos.ticket.renew.window.factor = 0.8
	sasl.login.callback.handler.class = null
	sasl.login.class = null
	sasl.login.connect.timeout.ms = null
	sasl.login.read.timeout.ms = null
	sasl.login.refresh.buffer.seconds = 300
	sasl.login.refresh.min.period.seconds = 60
	sasl.login.refresh.window.factor = 0.8
	sasl.login.refresh.window.jitter = 0.05
	sasl.login.retry.backoff.max.ms = 10000
	sasl.login.retry.backoff.ms = 100
	sasl.mechanism = GSSAPI
	sasl.oauthbearer.assertion.algorithm = RS256
	sasl.oauthbearer.assertion.claim.aud = null
	sasl.oauthbearer.assertion.claim.exp.seconds = 300
	sasl.oauthbearer.assertion.claim.iss = null
	sasl.oauthbearer.assertion.claim.jti.include = false
	sasl.oauthbearer.assertion.claim.nbf.seconds = 60
	sasl.oauthbearer.assertion.claim.sub = null
	sasl.oauthbearer.assertion.file = null
	sasl.oauthbearer.assertion.private.key.file = null
	sasl.oauthbearer.assertion.private.key.passphrase = null
	sasl.oauthbearer.assertion.template.file = null
	sasl.oauthbearer.client.credentials.client.id = null
	sasl.oauthbearer.client.credentials.client.secret = null
	sasl.oauthbearer.clock.skew.seconds = 30
	sasl.oauthbearer.expected.audience = null
	sasl.oauthbearer.expected.issuer = null
	sasl.oauthbearer.header.urlencode = false
	sasl.oauthbearer.jwks.endpoint.refresh.ms = 3600000
	sasl.oauthbearer.jwks.endpoint.retry.backoff.max.ms = 10000
	sasl.oauthbearer.jwks.endpoint.retry.backoff.ms = 100
	sasl.oauthbearer.jwks.endpoint.url = null
	sasl.oauthbearer.jwt.retriever.class = class org.apache.kafka.common.security.oauthbearer.DefaultJwtRetriever
	sasl.oauthbearer.jwt.validator.class = class org.apache.kafka.common.security.oauthbearer.DefaultJwtValidator
	sasl.oauthbearer.scope = null
	sasl.oauthbearer.scope.claim.name = scope
	sasl.oauthbearer.sub.claim.name = sub
	sasl.oauthbearer.token.endpoint.url = null
	security.protocol = PLAINTEXT
	security.providers = null
	send.buffer.bytes = 131072
	session.timeout.ms = 45000
	share.acknowledgement.mode = implicit
	socket.connection.setup.timeout.max.ms = 30000
	socket.connection.setup.timeout.ms = 10000
	ssl.cipher.suites = null
	ssl.enabled.protocols = [TLSv1.2, TLSv1.3]
	ssl.endpoint.identification.algorithm = https
	ssl.engine.factory.class = null
	ssl.key.password = null
	ssl.keymanager.algorithm = SunX509
	ssl.keystore.certificate.chain = null
	ssl.keystore.key = null
	ssl.keystore.location = null
	ssl.keystore.password = null
	ssl.keystore.type = JKS
	ssl.protocol = TLSv1.3
	ssl.provider = null
	ssl.secure.random.implementation = null
	ssl.trustmanager.algorithm = PKIX
	ssl.truststore.certificates = null
	ssl.truststore.location = null
	ssl.truststore.password = null
	ssl.truststore.type = JKS
	value.deserializer = class org.springframework.kafka.support.serializer.ErrorHandlingDeserializer

2026-07-04T11:26:04.061+05:30  INFO 8436 --- [notification-service] [  restartedMain] o.a.k.c.t.i.KafkaMetricsCollector        : initializing Kafka metrics collector
2026-07-04T11:26:04.087+05:30  INFO 8436 --- [notification-service] [  restartedMain] o.a.kafka.common.utils.AppInfoParser     : Kafka version: 4.1.2
2026-07-04T11:26:04.087+05:30  INFO 8436 --- [notification-service] [  restartedMain] o.a.kafka.common.utils.AppInfoParser     : Kafka commitId: c82fd9b934b4c1e6
2026-07-04T11:26:04.087+05:30  INFO 8436 --- [notification-service] [  restartedMain] o.a.kafka.common.utils.AppInfoParser     : Kafka startTimeMs: 1783144564087
2026-07-04T11:26:04.088+05:30  INFO 8436 --- [notification-service] [  restartedMain] o.a.k.c.c.i.ClassicKafkaConsumer         : [Consumer clientId=consumer-notification-interaction-group-2, groupId=notification-interaction-group] Subscribed to topic(s): tweet-retweeted-topic
2026-07-04T11:26:04.093+05:30  INFO 8436 --- [notification-service] [  restartedMain] o.a.kafka.common.config.AbstractConfig   : ConsumerConfig values: 
	allow.auto.create.topics = true
	auto.commit.interval.ms = 5000
	auto.offset.reset = latest
	bootstrap.servers = [localhost:9092]
	check.crcs = true
	client.dns.lookup = use_all_dns_ips
	client.id = consumer-notification-interaction-group-3
	client.rack = 
	connections.max.idle.ms = 540000
	default.api.timeout.ms = 60000
	enable.auto.commit = false
	enable.metrics.push = true
	exclude.internal.topics = true
	fetch.max.bytes = 52428800
	fetch.max.wait.ms = 500
	fetch.min.bytes = 1
	group.id = notification-interaction-group
	group.instance.id = null
	group.protocol = classic
	group.remote.assignor = null
	heartbeat.interval.ms = 3000
	interceptor.classes = []
	internal.leave.group.on.close = true
	internal.throw.on.fetch.stable.offset.unsupported = false
	isolation.level = read_uncommitted
	key.deserializer = class org.springframework.kafka.support.serializer.ErrorHandlingDeserializer
	max.partition.fetch.bytes = 1048576
	max.poll.interval.ms = 300000
	max.poll.records = 500
	metadata.max.age.ms = 300000
	metadata.recovery.rebootstrap.trigger.ms = 300000
	metadata.recovery.strategy = rebootstrap
	metric.reporters = [org.apache.kafka.common.metrics.JmxReporter]
	metrics.num.samples = 2
	metrics.recording.level = INFO
	metrics.sample.window.ms = 30000
	partition.assignment.strategy = [class org.apache.kafka.clients.consumer.RangeAssignor, class org.apache.kafka.clients.consumer.CooperativeStickyAssignor]
	receive.buffer.bytes = 65536
	reconnect.backoff.max.ms = 1000
	reconnect.backoff.ms = 50
	request.timeout.ms = 30000
	retry.backoff.max.ms = 1000
	retry.backoff.ms = 100
	sasl.client.callback.handler.class = null
	sasl.jaas.config = null
	sasl.kerberos.kinit.cmd = /usr/bin/kinit
	sasl.kerberos.min.time.before.relogin = 60000
	sasl.kerberos.service.name = null
	sasl.kerberos.ticket.renew.jitter = 0.05
	sasl.kerberos.ticket.renew.window.factor = 0.8
	sasl.login.callback.handler.class = null
	sasl.login.class = null
	sasl.login.connect.timeout.ms = null
	sasl.login.read.timeout.ms = null
	sasl.login.refresh.buffer.seconds = 300
	sasl.login.refresh.min.period.seconds = 60
	sasl.login.refresh.window.factor = 0.8
	sasl.login.refresh.window.jitter = 0.05
	sasl.login.retry.backoff.max.ms = 10000
	sasl.login.retry.backoff.ms = 100
	sasl.mechanism = GSSAPI
	sasl.oauthbearer.assertion.algorithm = RS256
	sasl.oauthbearer.assertion.claim.aud = null
	sasl.oauthbearer.assertion.claim.exp.seconds = 300
	sasl.oauthbearer.assertion.claim.iss = null
	sasl.oauthbearer.assertion.claim.jti.include = false
	sasl.oauthbearer.assertion.claim.nbf.seconds = 60
	sasl.oauthbearer.assertion.claim.sub = null
	sasl.oauthbearer.assertion.file = null
	sasl.oauthbearer.assertion.private.key.file = null
	sasl.oauthbearer.assertion.private.key.passphrase = null
	sasl.oauthbearer.assertion.template.file = null
	sasl.oauthbearer.client.credentials.client.id = null
	sasl.oauthbearer.client.credentials.client.secret = null
	sasl.oauthbearer.clock.skew.seconds = 30
	sasl.oauthbearer.expected.audience = null
	sasl.oauthbearer.expected.issuer = null
	sasl.oauthbearer.header.urlencode = false
	sasl.oauthbearer.jwks.endpoint.refresh.ms = 3600000
	sasl.oauthbearer.jwks.endpoint.retry.backoff.max.ms = 10000
	sasl.oauthbearer.jwks.endpoint.retry.backoff.ms = 100
	sasl.oauthbearer.jwks.endpoint.url = null
	sasl.oauthbearer.jwt.retriever.class = class org.apache.kafka.common.security.oauthbearer.DefaultJwtRetriever
	sasl.oauthbearer.jwt.validator.class = class org.apache.kafka.common.security.oauthbearer.DefaultJwtValidator
	sasl.oauthbearer.scope = null
	sasl.oauthbearer.scope.claim.name = scope
	sasl.oauthbearer.sub.claim.name = sub
	sasl.oauthbearer.token.endpoint.url = null
	security.protocol = PLAINTEXT
	security.providers = null
	send.buffer.bytes = 131072
	session.timeout.ms = 45000
	share.acknowledgement.mode = implicit
	socket.connection.setup.timeout.max.ms = 30000
	socket.connection.setup.timeout.ms = 10000
	ssl.cipher.suites = null
	ssl.enabled.protocols = [TLSv1.2, TLSv1.3]
	ssl.endpoint.identification.algorithm = https
	ssl.engine.factory.class = null
	ssl.key.password = null
	ssl.keymanager.algorithm = SunX509
	ssl.keystore.certificate.chain = null
	ssl.keystore.key = null
	ssl.keystore.location = null
	ssl.keystore.password = null
	ssl.keystore.type = JKS
	ssl.protocol = TLSv1.3
	ssl.provider = null
	ssl.secure.random.implementation = null
	ssl.trustmanager.algorithm = PKIX
	ssl.truststore.certificates = null
	ssl.truststore.location = null
	ssl.truststore.password = null
	ssl.truststore.type = JKS
	value.deserializer = class org.springframework.kafka.support.serializer.ErrorHandlingDeserializer

2026-07-04T11:26:04.095+05:30  INFO 8436 --- [notification-service] [  restartedMain] o.a.k.c.t.i.KafkaMetricsCollector        : initializing Kafka metrics collector
2026-07-04T11:26:04.116+05:30  INFO 8436 --- [notification-service] [  restartedMain] o.a.kafka.common.utils.AppInfoParser     : Kafka version: 4.1.2
2026-07-04T11:26:04.116+05:30  INFO 8436 --- [notification-service] [  restartedMain] o.a.kafka.common.utils.AppInfoParser     : Kafka commitId: c82fd9b934b4c1e6
2026-07-04T11:26:04.116+05:30  INFO 8436 --- [notification-service] [  restartedMain] o.a.kafka.common.utils.AppInfoParser     : Kafka startTimeMs: 1783144564116
2026-07-04T11:26:04.117+05:30  INFO 8436 --- [notification-service] [  restartedMain] o.a.k.c.c.i.ClassicKafkaConsumer         : [Consumer clientId=consumer-notification-interaction-group-3, groupId=notification-interaction-group] Subscribed to topic(s): tweet-retweet-removed-topic
2026-07-04T11:26:04.125+05:30  INFO 8436 --- [notification-service] [  restartedMain] o.a.kafka.common.config.AbstractConfig   : ConsumerConfig values: 
	allow.auto.create.topics = true
	auto.commit.interval.ms = 5000
	auto.offset.reset = latest
	bootstrap.servers = [localhost:9092]
	check.crcs = true
	client.dns.lookup = use_all_dns_ips
	client.id = consumer-notification-interaction-group-4
	client.rack = 
	connections.max.idle.ms = 540000
	default.api.timeout.ms = 60000
	enable.auto.commit = false
	enable.metrics.push = true
	exclude.internal.topics = true
	fetch.max.bytes = 52428800
	fetch.max.wait.ms = 500
	fetch.min.bytes = 1
	group.id = notification-interaction-group
	group.instance.id = null
	group.protocol = classic
	group.remote.assignor = null
	heartbeat.interval.ms = 3000
	interceptor.classes = []
	internal.leave.group.on.close = true
	internal.throw.on.fetch.stable.offset.unsupported = false
	isolation.level = read_uncommitted
	key.deserializer = class org.springframework.kafka.support.serializer.ErrorHandlingDeserializer
	max.partition.fetch.bytes = 1048576
	max.poll.interval.ms = 300000
	max.poll.records = 500
	metadata.max.age.ms = 300000
	metadata.recovery.rebootstrap.trigger.ms = 300000
	metadata.recovery.strategy = rebootstrap
	metric.reporters = [org.apache.kafka.common.metrics.JmxReporter]
	metrics.num.samples = 2
	metrics.recording.level = INFO
	metrics.sample.window.ms = 30000
	partition.assignment.strategy = [class org.apache.kafka.clients.consumer.RangeAssignor, class org.apache.kafka.clients.consumer.CooperativeStickyAssignor]
	receive.buffer.bytes = 65536
	reconnect.backoff.max.ms = 1000
	reconnect.backoff.ms = 50
	request.timeout.ms = 30000
	retry.backoff.max.ms = 1000
	retry.backoff.ms = 100
	sasl.client.callback.handler.class = null
	sasl.jaas.config = null
	sasl.kerberos.kinit.cmd = /usr/bin/kinit
	sasl.kerberos.min.time.before.relogin = 60000
	sasl.kerberos.service.name = null
	sasl.kerberos.ticket.renew.jitter = 0.05
	sasl.kerberos.ticket.renew.window.factor = 0.8
	sasl.login.callback.handler.class = null
	sasl.login.class = null
	sasl.login.connect.timeout.ms = null
	sasl.login.read.timeout.ms = null
	sasl.login.refresh.buffer.seconds = 300
	sasl.login.refresh.min.period.seconds = 60
	sasl.login.refresh.window.factor = 0.8
	sasl.login.refresh.window.jitter = 0.05
	sasl.login.retry.backoff.max.ms = 10000
	sasl.login.retry.backoff.ms = 100
	sasl.mechanism = GSSAPI
	sasl.oauthbearer.assertion.algorithm = RS256
	sasl.oauthbearer.assertion.claim.aud = null
	sasl.oauthbearer.assertion.claim.exp.seconds = 300
	sasl.oauthbearer.assertion.claim.iss = null
	sasl.oauthbearer.assertion.claim.jti.include = false
	sasl.oauthbearer.assertion.claim.nbf.seconds = 60
	sasl.oauthbearer.assertion.claim.sub = null
	sasl.oauthbearer.assertion.file = null
	sasl.oauthbearer.assertion.private.key.file = null
	sasl.oauthbearer.assertion.private.key.passphrase = null
	sasl.oauthbearer.assertion.template.file = null
	sasl.oauthbearer.client.credentials.client.id = null
	sasl.oauthbearer.client.credentials.client.secret = null
	sasl.oauthbearer.clock.skew.seconds = 30
	sasl.oauthbearer.expected.audience = null
	sasl.oauthbearer.expected.issuer = null
	sasl.oauthbearer.header.urlencode = false
	sasl.oauthbearer.jwks.endpoint.refresh.ms = 3600000
	sasl.oauthbearer.jwks.endpoint.retry.backoff.max.ms = 10000
	sasl.oauthbearer.jwks.endpoint.retry.backoff.ms = 100
	sasl.oauthbearer.jwks.endpoint.url = null
	sasl.oauthbearer.jwt.retriever.class = class org.apache.kafka.common.security.oauthbearer.DefaultJwtRetriever
	sasl.oauthbearer.jwt.validator.class = class org.apache.kafka.common.security.oauthbearer.DefaultJwtValidator
	sasl.oauthbearer.scope = null
	sasl.oauthbearer.scope.claim.name = scope
	sasl.oauthbearer.sub.claim.name = sub
	sasl.oauthbearer.token.endpoint.url = null
	security.protocol = PLAINTEXT
	security.providers = null
	send.buffer.bytes = 131072
	session.timeout.ms = 45000
	share.acknowledgement.mode = implicit
	socket.connection.setup.timeout.max.ms = 30000
	socket.connection.setup.timeout.ms = 10000
	ssl.cipher.suites = null
	ssl.enabled.protocols = [TLSv1.2, TLSv1.3]
	ssl.endpoint.identification.algorithm = https
	ssl.engine.factory.class = null
	ssl.key.password = null
	ssl.keymanager.algorithm = SunX509
	ssl.keystore.certificate.chain = null
	ssl.keystore.key = null
	ssl.keystore.location = null
	ssl.keystore.password = null
	ssl.keystore.type = JKS
	ssl.protocol = TLSv1.3
	ssl.provider = null
	ssl.secure.random.implementation = null
	ssl.trustmanager.algorithm = PKIX
	ssl.truststore.certificates = null
	ssl.truststore.location = null
	ssl.truststore.password = null
	ssl.truststore.type = JKS
	value.deserializer = class org.springframework.kafka.support.serializer.ErrorHandlingDeserializer

2026-07-04T11:26:04.125+05:30  INFO 8436 --- [notification-service] [  restartedMain] o.a.k.c.t.i.KafkaMetricsCollector        : initializing Kafka metrics collector
2026-07-04T11:26:04.141+05:30  INFO 8436 --- [notification-service] [  restartedMain] o.a.kafka.common.utils.AppInfoParser     : Kafka version: 4.1.2
2026-07-04T11:26:04.141+05:30  INFO 8436 --- [notification-service] [  restartedMain] o.a.kafka.common.utils.AppInfoParser     : Kafka commitId: c82fd9b934b4c1e6
2026-07-04T11:26:04.141+05:30  INFO 8436 --- [notification-service] [  restartedMain] o.a.kafka.common.utils.AppInfoParser     : Kafka startTimeMs: 1783144564140
2026-07-04T11:26:04.142+05:30  INFO 8436 --- [notification-service] [  restartedMain] o.a.k.c.c.i.ClassicKafkaConsumer         : [Consumer clientId=consumer-notification-interaction-group-4, groupId=notification-interaction-group] Subscribed to topic(s): tweet-replied-topic
2026-07-04T11:26:04.150+05:30  INFO 8436 --- [notification-service] [  restartedMain] o.a.kafka.common.config.AbstractConfig   : ConsumerConfig values: 
	allow.auto.create.topics = true
	auto.commit.interval.ms = 5000
	auto.offset.reset = latest
	bootstrap.servers = [localhost:9092]
	check.crcs = true
	client.dns.lookup = use_all_dns_ips
	client.id = consumer-notification-interaction-group-5
	client.rack = 
	connections.max.idle.ms = 540000
	default.api.timeout.ms = 60000
	enable.auto.commit = false
	enable.metrics.push = true
	exclude.internal.topics = true
	fetch.max.bytes = 52428800
	fetch.max.wait.ms = 500
	fetch.min.bytes = 1
	group.id = notification-interaction-group
	group.instance.id = null
	group.protocol = classic
	group.remote.assignor = null
	heartbeat.interval.ms = 3000
	interceptor.classes = []
	internal.leave.group.on.close = true
	internal.throw.on.fetch.stable.offset.unsupported = false
	isolation.level = read_uncommitted
	key.deserializer = class org.springframework.kafka.support.serializer.ErrorHandlingDeserializer
	max.partition.fetch.bytes = 1048576
	max.poll.interval.ms = 300000
	max.poll.records = 500
	metadata.max.age.ms = 300000
	metadata.recovery.rebootstrap.trigger.ms = 300000
	metadata.recovery.strategy = rebootstrap
	metric.reporters = [org.apache.kafka.common.metrics.JmxReporter]
	metrics.num.samples = 2
	metrics.recording.level = INFO
	metrics.sample.window.ms = 30000
	partition.assignment.strategy = [class org.apache.kafka.clients.consumer.RangeAssignor, class org.apache.kafka.clients.consumer.CooperativeStickyAssignor]
	receive.buffer.bytes = 65536
	reconnect.backoff.max.ms = 1000
	reconnect.backoff.ms = 50
	request.timeout.ms = 30000
	retry.backoff.max.ms = 1000
	retry.backoff.ms = 100
	sasl.client.callback.handler.class = null
	sasl.jaas.config = null
	sasl.kerberos.kinit.cmd = /usr/bin/kinit
	sasl.kerberos.min.time.before.relogin = 60000
	sasl.kerberos.service.name = null
	sasl.kerberos.ticket.renew.jitter = 0.05
	sasl.kerberos.ticket.renew.window.factor = 0.8
	sasl.login.callback.handler.class = null
	sasl.login.class = null
	sasl.login.connect.timeout.ms = null
	sasl.login.read.timeout.ms = null
	sasl.login.refresh.buffer.seconds = 300
	sasl.login.refresh.min.period.seconds = 60
	sasl.login.refresh.window.factor = 0.8
	sasl.login.refresh.window.jitter = 0.05
	sasl.login.retry.backoff.max.ms = 10000
	sasl.login.retry.backoff.ms = 100
	sasl.mechanism = GSSAPI
	sasl.oauthbearer.assertion.algorithm = RS256
	sasl.oauthbearer.assertion.claim.aud = null
	sasl.oauthbearer.assertion.claim.exp.seconds = 300
	sasl.oauthbearer.assertion.claim.iss = null
	sasl.oauthbearer.assertion.claim.jti.include = false
	sasl.oauthbearer.assertion.claim.nbf.seconds = 60
	sasl.oauthbearer.assertion.claim.sub = null
	sasl.oauthbearer.assertion.file = null
	sasl.oauthbearer.assertion.private.key.file = null
	sasl.oauthbearer.assertion.private.key.passphrase = null
	sasl.oauthbearer.assertion.template.file = null
	sasl.oauthbearer.client.credentials.client.id = null
	sasl.oauthbearer.client.credentials.client.secret = null
	sasl.oauthbearer.clock.skew.seconds = 30
	sasl.oauthbearer.expected.audience = null
	sasl.oauthbearer.expected.issuer = null
	sasl.oauthbearer.header.urlencode = false
	sasl.oauthbearer.jwks.endpoint.refresh.ms = 3600000
	sasl.oauthbearer.jwks.endpoint.retry.backoff.max.ms = 10000
	sasl.oauthbearer.jwks.endpoint.retry.backoff.ms = 100
	sasl.oauthbearer.jwks.endpoint.url = null
	sasl.oauthbearer.jwt.retriever.class = class org.apache.kafka.common.security.oauthbearer.DefaultJwtRetriever
	sasl.oauthbearer.jwt.validator.class = class org.apache.kafka.common.security.oauthbearer.DefaultJwtValidator
	sasl.oauthbearer.scope = null
	sasl.oauthbearer.scope.claim.name = scope
	sasl.oauthbearer.sub.claim.name = sub
	sasl.oauthbearer.token.endpoint.url = null
	security.protocol = PLAINTEXT
	security.providers = null
	send.buffer.bytes = 131072
	session.timeout.ms = 45000
	share.acknowledgement.mode = implicit
	socket.connection.setup.timeout.max.ms = 30000
	socket.connection.setup.timeout.ms = 10000
	ssl.cipher.suites = null
	ssl.enabled.protocols = [TLSv1.2, TLSv1.3]
	ssl.endpoint.identification.algorithm = https
	ssl.engine.factory.class = null
	ssl.key.password = null
	ssl.keymanager.algorithm = SunX509
	ssl.keystore.certificate.chain = null
	ssl.keystore.key = null
	ssl.keystore.location = null
	ssl.keystore.password = null
	ssl.keystore.type = JKS
	ssl.protocol = TLSv1.3
	ssl.provider = null
	ssl.secure.random.implementation = null
	ssl.trustmanager.algorithm = PKIX
	ssl.truststore.certificates = null
	ssl.truststore.location = null
	ssl.truststore.password = null
	ssl.truststore.type = JKS
	value.deserializer = class org.springframework.kafka.support.serializer.ErrorHandlingDeserializer

2026-07-04T11:26:04.152+05:30  INFO 8436 --- [notification-service] [  restartedMain] o.a.k.c.t.i.KafkaMetricsCollector        : initializing Kafka metrics collector
2026-07-04T11:26:04.167+05:30  INFO 8436 --- [notification-service] [  restartedMain] o.a.kafka.common.utils.AppInfoParser     : Kafka version: 4.1.2
2026-07-04T11:26:04.168+05:30  INFO 8436 --- [notification-service] [  restartedMain] o.a.kafka.common.utils.AppInfoParser     : Kafka commitId: c82fd9b934b4c1e6
2026-07-04T11:26:04.168+05:30  INFO 8436 --- [notification-service] [  restartedMain] o.a.kafka.common.utils.AppInfoParser     : Kafka startTimeMs: 1783144564167
2026-07-04T11:26:04.169+05:30  INFO 8436 --- [notification-service] [  restartedMain] o.a.k.c.c.i.ClassicKafkaConsumer         : [Consumer clientId=consumer-notification-interaction-group-5, groupId=notification-interaction-group] Subscribed to topic(s): tweet-reply-deleted-topic
2026-07-04T11:26:04.174+05:30  INFO 8436 --- [notification-service] [  restartedMain] o.a.kafka.common.config.AbstractConfig   : ConsumerConfig values: 
	allow.auto.create.topics = true
	auto.commit.interval.ms = 5000
	auto.offset.reset = latest
	bootstrap.servers = [localhost:9092]
	check.crcs = true
	client.dns.lookup = use_all_dns_ips
	client.id = consumer-notification-interaction-group-6
	client.rack = 
	connections.max.idle.ms = 540000
	default.api.timeout.ms = 60000
	enable.auto.commit = false
	enable.metrics.push = true
	exclude.internal.topics = true
	fetch.max.bytes = 52428800
	fetch.max.wait.ms = 500
	fetch.min.bytes = 1
	group.id = notification-interaction-group
	group.instance.id = null
	group.protocol = classic
	group.remote.assignor = null
	heartbeat.interval.ms = 3000
	interceptor.classes = []
	internal.leave.group.on.close = true
	internal.throw.on.fetch.stable.offset.unsupported = false
	isolation.level = read_uncommitted
	key.deserializer = class org.springframework.kafka.support.serializer.ErrorHandlingDeserializer
	max.partition.fetch.bytes = 1048576
	max.poll.interval.ms = 300000
	max.poll.records = 500
	metadata.max.age.ms = 300000
	metadata.recovery.rebootstrap.trigger.ms = 300000
	metadata.recovery.strategy = rebootstrap
	metric.reporters = [org.apache.kafka.common.metrics.JmxReporter]
	metrics.num.samples = 2
	metrics.recording.level = INFO
	metrics.sample.window.ms = 30000
	partition.assignment.strategy = [class org.apache.kafka.clients.consumer.RangeAssignor, class org.apache.kafka.clients.consumer.CooperativeStickyAssignor]
	receive.buffer.bytes = 65536
	reconnect.backoff.max.ms = 1000
	reconnect.backoff.ms = 50
	request.timeout.ms = 30000
	retry.backoff.max.ms = 1000
	retry.backoff.ms = 100
	sasl.client.callback.handler.class = null
	sasl.jaas.config = null
	sasl.kerberos.kinit.cmd = /usr/bin/kinit
	sasl.kerberos.min.time.before.relogin = 60000
	sasl.kerberos.service.name = null
	sasl.kerberos.ticket.renew.jitter = 0.05
	sasl.kerberos.ticket.renew.window.factor = 0.8
	sasl.login.callback.handler.class = null
	sasl.login.class = null
	sasl.login.connect.timeout.ms = null
	sasl.login.read.timeout.ms = null
	sasl.login.refresh.buffer.seconds = 300
	sasl.login.refresh.min.period.seconds = 60
	sasl.login.refresh.window.factor = 0.8
	sasl.login.refresh.window.jitter = 0.05
	sasl.login.retry.backoff.max.ms = 10000
	sasl.login.retry.backoff.ms = 100
	sasl.mechanism = GSSAPI
	sasl.oauthbearer.assertion.algorithm = RS256
	sasl.oauthbearer.assertion.claim.aud = null
	sasl.oauthbearer.assertion.claim.exp.seconds = 300
	sasl.oauthbearer.assertion.claim.iss = null
	sasl.oauthbearer.assertion.claim.jti.include = false
	sasl.oauthbearer.assertion.claim.nbf.seconds = 60
	sasl.oauthbearer.assertion.claim.sub = null
	sasl.oauthbearer.assertion.file = null
	sasl.oauthbearer.assertion.private.key.file = null
	sasl.oauthbearer.assertion.private.key.passphrase = null
	sasl.oauthbearer.assertion.template.file = null
	sasl.oauthbearer.client.credentials.client.id = null
	sasl.oauthbearer.client.credentials.client.secret = null
	sasl.oauthbearer.clock.skew.seconds = 30
	sasl.oauthbearer.expected.audience = null
	sasl.oauthbearer.expected.issuer = null
	sasl.oauthbearer.header.urlencode = false
	sasl.oauthbearer.jwks.endpoint.refresh.ms = 3600000
	sasl.oauthbearer.jwks.endpoint.retry.backoff.max.ms = 10000
	sasl.oauthbearer.jwks.endpoint.retry.backoff.ms = 100
	sasl.oauthbearer.jwks.endpoint.url = null
	sasl.oauthbearer.jwt.retriever.class = class org.apache.kafka.common.security.oauthbearer.DefaultJwtRetriever
	sasl.oauthbearer.jwt.validator.class = class org.apache.kafka.common.security.oauthbearer.DefaultJwtValidator
	sasl.oauthbearer.scope = null
	sasl.oauthbearer.scope.claim.name = scope
	sasl.oauthbearer.sub.claim.name = sub
	sasl.oauthbearer.token.endpoint.url = null
	security.protocol = PLAINTEXT
	security.providers = null
	send.buffer.bytes = 131072
	session.timeout.ms = 45000
	share.acknowledgement.mode = implicit
	socket.connection.setup.timeout.max.ms = 30000
	socket.connection.setup.timeout.ms = 10000
	ssl.cipher.suites = null
	ssl.enabled.protocols = [TLSv1.2, TLSv1.3]
	ssl.endpoint.identification.algorithm = https
	ssl.engine.factory.class = null
	ssl.key.password = null
	ssl.keymanager.algorithm = SunX509
	ssl.keystore.certificate.chain = null
	ssl.keystore.key = null
	ssl.keystore.location = null
	ssl.keystore.password = null
	ssl.keystore.type = JKS
	ssl.protocol = TLSv1.3
	ssl.provider = null
	ssl.secure.random.implementation = null
	ssl.trustmanager.algorithm = PKIX
	ssl.truststore.certificates = null
	ssl.truststore.location = null
	ssl.truststore.password = null
	ssl.truststore.type = JKS
	value.deserializer = class org.springframework.kafka.support.serializer.ErrorHandlingDeserializer

2026-07-04T11:26:04.175+05:30  INFO 8436 --- [notification-service] [  restartedMain] o.a.k.c.t.i.KafkaMetricsCollector        : initializing Kafka metrics collector
2026-07-04T11:26:04.187+05:30  INFO 8436 --- [notification-service] [  restartedMain] o.a.kafka.common.utils.AppInfoParser     : Kafka version: 4.1.2
2026-07-04T11:26:04.187+05:30  INFO 8436 --- [notification-service] [  restartedMain] o.a.kafka.common.utils.AppInfoParser     : Kafka commitId: c82fd9b934b4c1e6
2026-07-04T11:26:04.187+05:30  INFO 8436 --- [notification-service] [  restartedMain] o.a.kafka.common.utils.AppInfoParser     : Kafka startTimeMs: 1783144564187
2026-07-04T11:26:04.188+05:30  INFO 8436 --- [notification-service] [  restartedMain] o.a.k.c.c.i.ClassicKafkaConsumer         : [Consumer clientId=consumer-notification-interaction-group-6, groupId=notification-interaction-group] Subscribed to topic(s): tweet-liked-topic
2026-07-04T11:26:04.192+05:30  INFO 8436 --- [notification-service] [  restartedMain] o.a.kafka.common.config.AbstractConfig   : ConsumerConfig values: 
	allow.auto.create.topics = true
	auto.commit.interval.ms = 5000
	auto.offset.reset = latest
	bootstrap.servers = [localhost:9092]
	check.crcs = true
	client.dns.lookup = use_all_dns_ips
	client.id = consumer-notification-interaction-group-7
	client.rack = 
	connections.max.idle.ms = 540000
	default.api.timeout.ms = 60000
	enable.auto.commit = false
	enable.metrics.push = true
	exclude.internal.topics = true
	fetch.max.bytes = 52428800
	fetch.max.wait.ms = 500
	fetch.min.bytes = 1
	group.id = notification-interaction-group
	group.instance.id = null
	group.protocol = classic
	group.remote.assignor = null
	heartbeat.interval.ms = 3000
	interceptor.classes = []
	internal.leave.group.on.close = true
	internal.throw.on.fetch.stable.offset.unsupported = false
	isolation.level = read_uncommitted
	key.deserializer = class org.springframework.kafka.support.serializer.ErrorHandlingDeserializer
	max.partition.fetch.bytes = 1048576
	max.poll.interval.ms = 300000
	max.poll.records = 500
	metadata.max.age.ms = 300000
	metadata.recovery.rebootstrap.trigger.ms = 300000
	metadata.recovery.strategy = rebootstrap
	metric.reporters = [org.apache.kafka.common.metrics.JmxReporter]
	metrics.num.samples = 2
	metrics.recording.level = INFO
	metrics.sample.window.ms = 30000
	partition.assignment.strategy = [class org.apache.kafka.clients.consumer.RangeAssignor, class org.apache.kafka.clients.consumer.CooperativeStickyAssignor]
	receive.buffer.bytes = 65536
	reconnect.backoff.max.ms = 1000
	reconnect.backoff.ms = 50
	request.timeout.ms = 30000
	retry.backoff.max.ms = 1000
	retry.backoff.ms = 100
	sasl.client.callback.handler.class = null
	sasl.jaas.config = null
	sasl.kerberos.kinit.cmd = /usr/bin/kinit
	sasl.kerberos.min.time.before.relogin = 60000
	sasl.kerberos.service.name = null
	sasl.kerberos.ticket.renew.jitter = 0.05
	sasl.kerberos.ticket.renew.window.factor = 0.8
	sasl.login.callback.handler.class = null
	sasl.login.class = null
	sasl.login.connect.timeout.ms = null
	sasl.login.read.timeout.ms = null
	sasl.login.refresh.buffer.seconds = 300
	sasl.login.refresh.min.period.seconds = 60
	sasl.login.refresh.window.factor = 0.8
	sasl.login.refresh.window.jitter = 0.05
	sasl.login.retry.backoff.max.ms = 10000
	sasl.login.retry.backoff.ms = 100
	sasl.mechanism = GSSAPI
	sasl.oauthbearer.assertion.algorithm = RS256
	sasl.oauthbearer.assertion.claim.aud = null
	sasl.oauthbearer.assertion.claim.exp.seconds = 300
	sasl.oauthbearer.assertion.claim.iss = null
	sasl.oauthbearer.assertion.claim.jti.include = false
	sasl.oauthbearer.assertion.claim.nbf.seconds = 60
	sasl.oauthbearer.assertion.claim.sub = null
	sasl.oauthbearer.assertion.file = null
	sasl.oauthbearer.assertion.private.key.file = null
	sasl.oauthbearer.assertion.private.key.passphrase = null
	sasl.oauthbearer.assertion.template.file = null
	sasl.oauthbearer.client.credentials.client.id = null
	sasl.oauthbearer.client.credentials.client.secret = null
	sasl.oauthbearer.clock.skew.seconds = 30
	sasl.oauthbearer.expected.audience = null
	sasl.oauthbearer.expected.issuer = null
	sasl.oauthbearer.header.urlencode = false
	sasl.oauthbearer.jwks.endpoint.refresh.ms = 3600000
	sasl.oauthbearer.jwks.endpoint.retry.backoff.max.ms = 10000
	sasl.oauthbearer.jwks.endpoint.retry.backoff.ms = 100
	sasl.oauthbearer.jwks.endpoint.url = null
	sasl.oauthbearer.jwt.retriever.class = class org.apache.kafka.common.security.oauthbearer.DefaultJwtRetriever
	sasl.oauthbearer.jwt.validator.class = class org.apache.kafka.common.security.oauthbearer.DefaultJwtValidator
	sasl.oauthbearer.scope = null
	sasl.oauthbearer.scope.claim.name = scope
	sasl.oauthbearer.sub.claim.name = sub
	sasl.oauthbearer.token.endpoint.url = null
	security.protocol = PLAINTEXT
	security.providers = null
	send.buffer.bytes = 131072
	session.timeout.ms = 45000
	share.acknowledgement.mode = implicit
	socket.connection.setup.timeout.max.ms = 30000
	socket.connection.setup.timeout.ms = 10000
	ssl.cipher.suites = null
	ssl.enabled.protocols = [TLSv1.2, TLSv1.3]
	ssl.endpoint.identification.algorithm = https
	ssl.engine.factory.class = null
	ssl.key.password = null
	ssl.keymanager.algorithm = SunX509
	ssl.keystore.certificate.chain = null
	ssl.keystore.key = null
	ssl.keystore.location = null
	ssl.keystore.password = null
	ssl.keystore.type = JKS
	ssl.protocol = TLSv1.3
	ssl.provider = null
	ssl.secure.random.implementation = null
	ssl.trustmanager.algorithm = PKIX
	ssl.truststore.certificates = null
	ssl.truststore.location = null
	ssl.truststore.password = null
	ssl.truststore.type = JKS
	value.deserializer = class org.springframework.kafka.support.serializer.ErrorHandlingDeserializer

2026-07-04T11:26:04.193+05:30  INFO 8436 --- [notification-service] [  restartedMain] o.a.k.c.t.i.KafkaMetricsCollector        : initializing Kafka metrics collector
2026-07-04T11:26:04.205+05:30  INFO 8436 --- [notification-service] [  restartedMain] o.a.kafka.common.utils.AppInfoParser     : Kafka version: 4.1.2
2026-07-04T11:26:04.206+05:30  INFO 8436 --- [notification-service] [  restartedMain] o.a.kafka.common.utils.AppInfoParser     : Kafka commitId: c82fd9b934b4c1e6
2026-07-04T11:26:04.206+05:30  INFO 8436 --- [notification-service] [  restartedMain] o.a.kafka.common.utils.AppInfoParser     : Kafka startTimeMs: 1783144564204
2026-07-04T11:26:04.207+05:30  INFO 8436 --- [notification-service] [  restartedMain] o.a.k.c.c.i.ClassicKafkaConsumer         : [Consumer clientId=consumer-notification-interaction-group-7, groupId=notification-interaction-group] Subscribed to topic(s): tweet-unliked-topic
2026-07-04T11:26:04.240+05:30  INFO 8436 --- [notification-service] [  restartedMain] c.t.n.s.NotificationServiceApplication   : Started NotificationServiceApplication in 26.391 seconds (process running for 29.291)
2026-07-04T11:26:05.847+05:30  INFO 8436 --- [notification-service] [ntainer#4-0-C-1] org.apache.kafka.clients.Metadata        : [Consumer clientId=consumer-notification-interaction-group-4, groupId=notification-interaction-group] Cluster ID: 5L6g3nShT-eMCtK--X86sw
2026-07-04T11:26:05.847+05:30  INFO 8436 --- [notification-service] [ntainer#5-0-C-1] org.apache.kafka.clients.Metadata        : [Consumer clientId=consumer-notification-interaction-group-5, groupId=notification-interaction-group] Cluster ID: 5L6g3nShT-eMCtK--X86sw
2026-07-04T11:26:05.848+05:30  INFO 8436 --- [notification-service] [ntainer#2-0-C-1] org.apache.kafka.clients.Metadata        : [Consumer clientId=consumer-notification-interaction-group-2, groupId=notification-interaction-group] Cluster ID: 5L6g3nShT-eMCtK--X86sw
2026-07-04T11:26:05.848+05:30  INFO 8436 --- [notification-service] [ntainer#3-0-C-1] org.apache.kafka.clients.Metadata        : [Consumer clientId=consumer-notification-interaction-group-3, groupId=notification-interaction-group] Cluster ID: 5L6g3nShT-eMCtK--X86sw
2026-07-04T11:26:05.850+05:30  INFO 8436 --- [notification-service] [ntainer#0-0-C-1] org.apache.kafka.clients.Metadata        : [Consumer clientId=consumer-notification-interaction-group-6, groupId=notification-interaction-group] Cluster ID: 5L6g3nShT-eMCtK--X86sw
2026-07-04T11:26:05.848+05:30  INFO 8436 --- [notification-service] [ntainer#1-0-C-1] org.apache.kafka.clients.Metadata        : [Consumer clientId=consumer-notification-interaction-group-7, groupId=notification-interaction-group] Cluster ID: 5L6g3nShT-eMCtK--X86sw
2026-07-04T11:26:05.855+05:30  INFO 8436 --- [notification-service] [ntainer#6-0-C-1] org.apache.kafka.clients.Metadata        : [Consumer clientId=consumer-notification-group-1, groupId=notification-group] Cluster ID: 5L6g3nShT-eMCtK--X86sw
2026-07-04T11:26:05.874+05:30  INFO 8436 --- [notification-service] [ntainer#6-0-C-1] o.a.k.c.c.internals.ConsumerCoordinator  : [Consumer clientId=consumer-notification-group-1, groupId=notification-group] Discovered group coordinator localhost:9092 (id: 2147483646 rack: null isFenced: false)
2026-07-04T11:26:05.875+05:30  INFO 8436 --- [notification-service] [ntainer#0-0-C-1] o.a.k.c.c.internals.ConsumerCoordinator  : [Consumer clientId=consumer-notification-interaction-group-6, groupId=notification-interaction-group] Discovered group coordinator localhost:9092 (id: 2147483646 rack: null isFenced: false)
2026-07-04T11:26:05.874+05:30  INFO 8436 --- [notification-service] [ntainer#4-0-C-1] o.a.k.c.c.internals.ConsumerCoordinator  : [Consumer clientId=consumer-notification-interaction-group-4, groupId=notification-interaction-group] Discovered group coordinator localhost:9092 (id: 2147483646 rack: null isFenced: false)
2026-07-04T11:26:05.877+05:30  INFO 8436 --- [notification-service] [ntainer#3-0-C-1] o.a.k.c.c.internals.ConsumerCoordinator  : [Consumer clientId=consumer-notification-interaction-group-3, groupId=notification-interaction-group] Discovered group coordinator localhost:9092 (id: 2147483646 rack: null isFenced: false)
2026-07-04T11:26:05.880+05:30  INFO 8436 --- [notification-service] [ntainer#2-0-C-1] o.a.k.c.c.internals.ConsumerCoordinator  : [Consumer clientId=consumer-notification-interaction-group-2, groupId=notification-interaction-group] Discovered group coordinator localhost:9092 (id: 2147483646 rack: null isFenced: false)
2026-07-04T11:26:05.877+05:30  INFO 8436 --- [notification-service] [ntainer#5-0-C-1] o.a.k.c.c.internals.ConsumerCoordinator  : [Consumer clientId=consumer-notification-interaction-group-5, groupId=notification-interaction-group] Discovered group coordinator localhost:9092 (id: 2147483646 rack: null isFenced: false)
2026-07-04T11:26:05.884+05:30  INFO 8436 --- [notification-service] [ntainer#6-0-C-1] o.a.k.c.c.internals.ConsumerCoordinator  : [Consumer clientId=consumer-notification-group-1, groupId=notification-group] (Re-)joining group
2026-07-04T11:26:05.883+05:30  INFO 8436 --- [notification-service] [ntainer#1-0-C-1] o.a.k.c.c.internals.ConsumerCoordinator  : [Consumer clientId=consumer-notification-interaction-group-7, groupId=notification-interaction-group] Discovered group coordinator localhost:9092 (id: 2147483646 rack: null isFenced: false)
2026-07-04T11:26:05.887+05:30  INFO 8436 --- [notification-service] [ntainer#4-0-C-1] o.a.k.c.c.internals.ConsumerCoordinator  : [Consumer clientId=consumer-notification-interaction-group-4, groupId=notification-interaction-group] (Re-)joining group
2026-07-04T11:26:05.888+05:30  INFO 8436 --- [notification-service] [ntainer#2-0-C-1] o.a.k.c.c.internals.ConsumerCoordinator  : [Consumer clientId=consumer-notification-interaction-group-2, groupId=notification-interaction-group] (Re-)joining group
2026-07-04T11:26:05.888+05:30  INFO 8436 --- [notification-service] [ntainer#3-0-C-1] o.a.k.c.c.internals.ConsumerCoordinator  : [Consumer clientId=consumer-notification-interaction-group-3, groupId=notification-interaction-group] (Re-)joining group
2026-07-04T11:26:05.895+05:30  INFO 8436 --- [notification-service] [ntainer#0-0-C-1] o.a.k.c.c.internals.ConsumerCoordinator  : [Consumer clientId=consumer-notification-interaction-group-6, groupId=notification-interaction-group] (Re-)joining group
2026-07-04T11:26:05.898+05:30  INFO 8436 --- [notification-service] [ntainer#1-0-C-1] o.a.k.c.c.internals.ConsumerCoordinator  : [Consumer clientId=consumer-notification-interaction-group-7, groupId=notification-interaction-group] (Re-)joining group
2026-07-04T11:26:05.902+05:30  INFO 8436 --- [notification-service] [ntainer#5-0-C-1] o.a.k.c.c.internals.ConsumerCoordinator  : [Consumer clientId=consumer-notification-interaction-group-5, groupId=notification-interaction-group] (Re-)joining group
2026-07-04T11:26:05.980+05:30  INFO 8436 --- [notification-service] [ntainer#6-0-C-1] o.a.k.c.c.internals.ConsumerCoordinator  : [Consumer clientId=consumer-notification-group-1, groupId=notification-group] Request joining group due to: need to re-join with the given member-id: consumer-notification-group-1-21e5ac5a-8711-413b-bda4-e3141f02be04
2026-07-04T11:26:05.981+05:30  INFO 8436 --- [notification-service] [ntainer#4-0-C-1] o.a.k.c.c.internals.ConsumerCoordinator  : [Consumer clientId=consumer-notification-interaction-group-4, groupId=notification-interaction-group] Request joining group due to: need to re-join with the given member-id: consumer-notification-interaction-group-4-8d0cb0e2-8f63-4b74-9ded-5b3e6b7fcc8a
2026-07-04T11:26:05.982+05:30  INFO 8436 --- [notification-service] [ntainer#4-0-C-1] o.a.k.c.c.internals.ConsumerCoordinator  : [Consumer clientId=consumer-notification-interaction-group-4, groupId=notification-interaction-group] (Re-)joining group
2026-07-04T11:26:05.986+05:30  INFO 8436 --- [notification-service] [ntainer#0-0-C-1] o.a.k.c.c.internals.ConsumerCoordinator  : [Consumer clientId=consumer-notification-interaction-group-6, groupId=notification-interaction-group] Request joining group due to: need to re-join with the given member-id: consumer-notification-interaction-group-6-6383f493-c759-4ca4-9100-1c89e2d2f595
2026-07-04T11:26:05.986+05:30  INFO 8436 --- [notification-service] [ntainer#1-0-C-1] o.a.k.c.c.internals.ConsumerCoordinator  : [Consumer clientId=consumer-notification-interaction-group-7, groupId=notification-interaction-group] Request joining group due to: need to re-join with the given member-id: consumer-notification-interaction-group-7-9ddefa6f-6aa6-4e91-b0ca-cc485e1f9f82
2026-07-04T11:26:05.987+05:30  INFO 8436 --- [notification-service] [ntainer#2-0-C-1] o.a.k.c.c.internals.ConsumerCoordinator  : [Consumer clientId=consumer-notification-interaction-group-2, groupId=notification-interaction-group] Request joining group due to: need to re-join with the given member-id: consumer-notification-interaction-group-2-35a632d9-3ef5-42f9-9eba-ecdd3eb6bc45
2026-07-04T11:26:05.981+05:30  INFO 8436 --- [notification-service] [ntainer#6-0-C-1] o.a.k.c.c.internals.ConsumerCoordinator  : [Consumer clientId=consumer-notification-group-1, groupId=notification-group] (Re-)joining group
2026-07-04T11:26:05.988+05:30  INFO 8436 --- [notification-service] [ntainer#0-0-C-1] o.a.k.c.c.internals.ConsumerCoordinator  : [Consumer clientId=consumer-notification-interaction-group-6, groupId=notification-interaction-group] (Re-)joining group
2026-07-04T11:26:05.987+05:30  INFO 8436 --- [notification-service] [ntainer#1-0-C-1] o.a.k.c.c.internals.ConsumerCoordinator  : [Consumer clientId=consumer-notification-interaction-group-7, groupId=notification-interaction-group] (Re-)joining group
2026-07-04T11:26:05.989+05:30  INFO 8436 --- [notification-service] [ntainer#5-0-C-1] o.a.k.c.c.internals.ConsumerCoordinator  : [Consumer clientId=consumer-notification-interaction-group-5, groupId=notification-interaction-group] Request joining group due to: need to re-join with the given member-id: consumer-notification-interaction-group-5-5c7ee286-bca3-4e0f-b561-e966267b0037
2026-07-04T11:26:05.990+05:30  INFO 8436 --- [notification-service] [ntainer#5-0-C-1] o.a.k.c.c.internals.ConsumerCoordinator  : [Consumer clientId=consumer-notification-interaction-group-5, groupId=notification-interaction-group] (Re-)joining group
2026-07-04T11:26:05.990+05:30  INFO 8436 --- [notification-service] [ntainer#3-0-C-1] o.a.k.c.c.internals.ConsumerCoordinator  : [Consumer clientId=consumer-notification-interaction-group-3, groupId=notification-interaction-group] Request joining group due to: need to re-join with the given member-id: consumer-notification-interaction-group-3-d6c4473a-a3b8-4660-9815-2830f8cd9776
2026-07-04T11:26:05.991+05:30  INFO 8436 --- [notification-service] [ntainer#2-0-C-1] o.a.k.c.c.internals.ConsumerCoordinator  : [Consumer clientId=consumer-notification-interaction-group-2, groupId=notification-interaction-group] (Re-)joining group
2026-07-04T11:26:05.991+05:30  INFO 8436 --- [notification-service] [ntainer#3-0-C-1] o.a.k.c.c.internals.ConsumerCoordinator  : [Consumer clientId=consumer-notification-interaction-group-3, groupId=notification-interaction-group] (Re-)joining group
2026-07-04T11:26:09.102+05:30  INFO 8436 --- [notification-service] [ntainer#6-0-C-1] o.a.k.c.c.internals.ConsumerCoordinator  : [Consumer clientId=consumer-notification-group-1, groupId=notification-group] Successfully joined group with generation Generation{generationId=17, memberId='consumer-notification-group-1-21e5ac5a-8711-413b-bda4-e3141f02be04', protocol='range'}
2026-07-04T11:26:09.162+05:30  INFO 8436 --- [notification-service] [ntainer#6-0-C-1] o.a.k.c.c.internals.ConsumerCoordinator  : [Consumer clientId=consumer-notification-group-1, groupId=notification-group] Finished assignment for group at generation 17: {consumer-notification-group-1-21e5ac5a-8711-413b-bda4-e3141f02be04=Assignment(partitions=[notification-topic-0])}
2026-07-04T11:26:09.249+05:30  INFO 8436 --- [notification-service] [ntainer#6-0-C-1] o.a.k.c.c.internals.ConsumerCoordinator  : [Consumer clientId=consumer-notification-group-1, groupId=notification-group] Successfully synced group in generation Generation{generationId=17, memberId='consumer-notification-group-1-21e5ac5a-8711-413b-bda4-e3141f02be04', protocol='range'}
2026-07-04T11:26:09.251+05:30  INFO 8436 --- [notification-service] [ntainer#6-0-C-1] o.a.k.c.c.internals.ConsumerCoordinator  : [Consumer clientId=consumer-notification-group-1, groupId=notification-group] Notifying assignor about the new Assignment(partitions=[notification-topic-0])
2026-07-04T11:26:09.265+05:30  INFO 8436 --- [notification-service] [ntainer#6-0-C-1] k.c.c.i.ConsumerRebalanceListenerInvoker : [Consumer clientId=consumer-notification-group-1, groupId=notification-group] Adding newly assigned partitions: [notification-topic-0]
2026-07-04T11:26:09.388+05:30  INFO 8436 --- [notification-service] [ntainer#6-0-C-1] o.a.k.c.c.internals.ConsumerUtils        : Setting offset for partition notification-topic-0 to the committed offset FetchPosition{offset=7, offsetEpoch=Optional.empty, currentLeader=LeaderAndEpoch{leader=Optional[localhost:9092 (id: 1 rack: null isFenced: false)], epoch=54}}
2026-07-04T11:26:09.417+05:30  INFO 8436 --- [notification-service] [ntainer#6-0-C-1] o.s.k.l.KafkaMessageListenerContainer    : notification-group: partitions assigned: [notification-topic-0]
2026-07-04T11:26:12.004+05:30  INFO 8436 --- [notification-service] [ntainer#2-0-C-1] o.a.k.c.c.internals.ConsumerCoordinator  : [Consumer clientId=consumer-notification-interaction-group-2, groupId=notification-interaction-group] Successfully joined group with generation Generation{generationId=16, memberId='consumer-notification-interaction-group-2-35a632d9-3ef5-42f9-9eba-ecdd3eb6bc45', protocol='range'}
2026-07-04T11:26:12.004+05:30  INFO 8436 --- [notification-service] [ntainer#5-0-C-1] o.a.k.c.c.internals.ConsumerCoordinator  : [Consumer clientId=consumer-notification-interaction-group-5, groupId=notification-interaction-group] Successfully joined group with generation Generation{generationId=16, memberId='consumer-notification-interaction-group-5-5c7ee286-bca3-4e0f-b561-e966267b0037', protocol='range'}
2026-07-04T11:26:12.005+05:30  INFO 8436 --- [notification-service] [ntainer#3-0-C-1] o.a.k.c.c.internals.ConsumerCoordinator  : [Consumer clientId=consumer-notification-interaction-group-3, groupId=notification-interaction-group] Successfully joined group with generation Generation{generationId=16, memberId='consumer-notification-interaction-group-3-d6c4473a-a3b8-4660-9815-2830f8cd9776', protocol='range'}
2026-07-04T11:26:12.009+05:30  INFO 8436 --- [notification-service] [ntainer#4-0-C-1] o.a.k.c.c.internals.ConsumerCoordinator  : [Consumer clientId=consumer-notification-interaction-group-4, groupId=notification-interaction-group] Successfully joined group with generation Generation{generationId=16, memberId='consumer-notification-interaction-group-4-8d0cb0e2-8f63-4b74-9ded-5b3e6b7fcc8a', protocol='range'}
2026-07-04T11:26:12.010+05:30  INFO 8436 --- [notification-service] [ntainer#0-0-C-1] o.a.k.c.c.internals.ConsumerCoordinator  : [Consumer clientId=consumer-notification-interaction-group-6, groupId=notification-interaction-group] Successfully joined group with generation Generation{generationId=16, memberId='consumer-notification-interaction-group-6-6383f493-c759-4ca4-9100-1c89e2d2f595', protocol='range'}
2026-07-04T11:26:12.010+05:30  INFO 8436 --- [notification-service] [ntainer#1-0-C-1] o.a.k.c.c.internals.ConsumerCoordinator  : [Consumer clientId=consumer-notification-interaction-group-7, groupId=notification-interaction-group] Successfully joined group with generation Generation{generationId=16, memberId='consumer-notification-interaction-group-7-9ddefa6f-6aa6-4e91-b0ca-cc485e1f9f82', protocol='range'}
2026-07-04T11:26:12.038+05:30  INFO 8436 --- [notification-service] [ntainer#4-0-C-1] o.a.k.c.c.internals.ConsumerCoordinator  : [Consumer clientId=consumer-notification-interaction-group-4, groupId=notification-interaction-group] Finished assignment for group at generation 16: {consumer-notification-interaction-group-3-d6c4473a-a3b8-4660-9815-2830f8cd9776=Assignment(partitions=[tweet-retweet-removed-topic-0]), consumer-notification-interaction-group-5-5c7ee286-bca3-4e0f-b561-e966267b0037=Assignment(partitions=[tweet-reply-deleted-topic-0]), consumer-notification-interaction-group-2-35a632d9-3ef5-42f9-9eba-ecdd3eb6bc45=Assignment(partitions=[tweet-retweeted-topic-0]), consumer-notification-interaction-group-4-8d0cb0e2-8f63-4b74-9ded-5b3e6b7fcc8a=Assignment(partitions=[tweet-replied-topic-0]), consumer-notification-interaction-group-7-9ddefa6f-6aa6-4e91-b0ca-cc485e1f9f82=Assignment(partitions=[tweet-unliked-topic-0]), consumer-notification-interaction-group-6-6383f493-c759-4ca4-9100-1c89e2d2f595=Assignment(partitions=[tweet-liked-topic-0])}
2026-07-04T11:26:12.049+05:30  INFO 8436 --- [notification-service] [ntainer#5-0-C-1] o.a.k.c.c.internals.ConsumerCoordinator  : [Consumer clientId=consumer-notification-interaction-group-5, groupId=notification-interaction-group] Successfully synced group in generation Generation{generationId=16, memberId='consumer-notification-interaction-group-5-5c7ee286-bca3-4e0f-b561-e966267b0037', protocol='range'}
2026-07-04T11:26:12.049+05:30  INFO 8436 --- [notification-service] [ntainer#3-0-C-1] o.a.k.c.c.internals.ConsumerCoordinator  : [Consumer clientId=consumer-notification-interaction-group-3, groupId=notification-interaction-group] Successfully synced group in generation Generation{generationId=16, memberId='consumer-notification-interaction-group-3-d6c4473a-a3b8-4660-9815-2830f8cd9776', protocol='range'}
2026-07-04T11:26:12.050+05:30  INFO 8436 --- [notification-service] [ntainer#3-0-C-1] o.a.k.c.c.internals.ConsumerCoordinator  : [Consumer clientId=consumer-notification-interaction-group-3, groupId=notification-interaction-group] Notifying assignor about the new Assignment(partitions=[tweet-retweet-removed-topic-0])
2026-07-04T11:26:12.050+05:30  INFO 8436 --- [notification-service] [ntainer#5-0-C-1] o.a.k.c.c.internals.ConsumerCoordinator  : [Consumer clientId=consumer-notification-interaction-group-5, groupId=notification-interaction-group] Notifying assignor about the new Assignment(partitions=[tweet-reply-deleted-topic-0])
2026-07-04T11:26:12.051+05:30  INFO 8436 --- [notification-service] [ntainer#5-0-C-1] k.c.c.i.ConsumerRebalanceListenerInvoker : [Consumer clientId=consumer-notification-interaction-group-5, groupId=notification-interaction-group] Adding newly assigned partitions: [tweet-reply-deleted-topic-0]
2026-07-04T11:26:12.051+05:30  INFO 8436 --- [notification-service] [ntainer#3-0-C-1] k.c.c.i.ConsumerRebalanceListenerInvoker : [Consumer clientId=consumer-notification-interaction-group-3, groupId=notification-interaction-group] Adding newly assigned partitions: [tweet-retweet-removed-topic-0]
2026-07-04T11:26:12.052+05:30  INFO 8436 --- [notification-service] [ntainer#2-0-C-1] o.a.k.c.c.internals.ConsumerCoordinator  : [Consumer clientId=consumer-notification-interaction-group-2, groupId=notification-interaction-group] Successfully synced group in generation Generation{generationId=16, memberId='consumer-notification-interaction-group-2-35a632d9-3ef5-42f9-9eba-ecdd3eb6bc45', protocol='range'}
2026-07-04T11:26:12.053+05:30  INFO 8436 --- [notification-service] [ntainer#2-0-C-1] o.a.k.c.c.internals.ConsumerCoordinator  : [Consumer clientId=consumer-notification-interaction-group-2, groupId=notification-interaction-group] Notifying assignor about the new Assignment(partitions=[tweet-retweeted-topic-0])
2026-07-04T11:26:12.053+05:30  INFO 8436 --- [notification-service] [ntainer#2-0-C-1] k.c.c.i.ConsumerRebalanceListenerInvoker : [Consumer clientId=consumer-notification-interaction-group-2, groupId=notification-interaction-group] Adding newly assigned partitions: [tweet-retweeted-topic-0]
2026-07-04T11:26:12.054+05:30  INFO 8436 --- [notification-service] [ntainer#4-0-C-1] o.a.k.c.c.internals.ConsumerCoordinator  : [Consumer clientId=consumer-notification-interaction-group-4, groupId=notification-interaction-group] Successfully synced group in generation Generation{generationId=16, memberId='consumer-notification-interaction-group-4-8d0cb0e2-8f63-4b74-9ded-5b3e6b7fcc8a', protocol='range'}
2026-07-04T11:26:12.055+05:30  INFO 8436 --- [notification-service] [teraction-group] o.a.k.c.c.internals.ConsumerCoordinator  : [Consumer clientId=consumer-notification-interaction-group-7, groupId=notification-interaction-group] Successfully synced group in generation Generation{generationId=16, memberId='consumer-notification-interaction-group-7-9ddefa6f-6aa6-4e91-b0ca-cc485e1f9f82', protocol='range'}
2026-07-04T11:26:12.055+05:30  INFO 8436 --- [notification-service] [ntainer#0-0-C-1] o.a.k.c.c.internals.ConsumerCoordinator  : [Consumer clientId=consumer-notification-interaction-group-6, groupId=notification-interaction-group] Successfully synced group in generation Generation{generationId=16, memberId='consumer-notification-interaction-group-6-6383f493-c759-4ca4-9100-1c89e2d2f595', protocol='range'}
2026-07-04T11:26:12.055+05:30  INFO 8436 --- [notification-service] [ntainer#4-0-C-1] o.a.k.c.c.internals.ConsumerCoordinator  : [Consumer clientId=consumer-notification-interaction-group-4, groupId=notification-interaction-group] Notifying assignor about the new Assignment(partitions=[tweet-replied-topic-0])
2026-07-04T11:26:12.055+05:30  INFO 8436 --- [notification-service] [ntainer#4-0-C-1] k.c.c.i.ConsumerRebalanceListenerInvoker : [Consumer clientId=consumer-notification-interaction-group-4, groupId=notification-interaction-group] Adding newly assigned partitions: [tweet-replied-topic-0]
2026-07-04T11:26:12.055+05:30  INFO 8436 --- [notification-service] [ntainer#0-0-C-1] o.a.k.c.c.internals.ConsumerCoordinator  : [Consumer clientId=consumer-notification-interaction-group-6, groupId=notification-interaction-group] Notifying assignor about the new Assignment(partitions=[tweet-liked-topic-0])
2026-07-04T11:26:12.055+05:30  INFO 8436 --- [notification-service] [ntainer#1-0-C-1] o.a.k.c.c.internals.ConsumerCoordinator  : [Consumer clientId=consumer-notification-interaction-group-7, groupId=notification-interaction-group] Notifying assignor about the new Assignment(partitions=[tweet-unliked-topic-0])
2026-07-04T11:26:12.056+05:30  INFO 8436 --- [notification-service] [ntainer#0-0-C-1] k.c.c.i.ConsumerRebalanceListenerInvoker : [Consumer clientId=consumer-notification-interaction-group-6, groupId=notification-interaction-group] Adding newly assigned partitions: [tweet-liked-topic-0]
2026-07-04T11:26:12.056+05:30  INFO 8436 --- [notification-service] [ntainer#1-0-C-1] k.c.c.i.ConsumerRebalanceListenerInvoker : [Consumer clientId=consumer-notification-interaction-group-7, groupId=notification-interaction-group] Adding newly assigned partitions: [tweet-unliked-topic-0]
2026-07-04T11:26:12.065+05:30  INFO 8436 --- [notification-service] [ntainer#5-0-C-1] o.a.k.c.c.internals.ConsumerUtils        : Setting offset for partition tweet-reply-deleted-topic-0 to the committed offset FetchPosition{offset=0, offsetEpoch=Optional.empty, currentLeader=LeaderAndEpoch{leader=Optional[localhost:9092 (id: 1 rack: null isFenced: false)], epoch=54}}
2026-07-04T11:26:12.066+05:30  INFO 8436 --- [notification-service] [ntainer#5-0-C-1] o.s.k.l.KafkaMessageListenerContainer    : notification-interaction-group: partitions assigned: [tweet-reply-deleted-topic-0]
2026-07-04T11:26:12.067+05:30  INFO 8436 --- [notification-service] [ntainer#3-0-C-1] o.a.k.c.c.internals.ConsumerUtils        : Setting offset for partition tweet-retweet-removed-topic-0 to the committed offset FetchPosition{offset=2, offsetEpoch=Optional.empty, currentLeader=LeaderAndEpoch{leader=Optional[localhost:9092 (id: 1 rack: null isFenced: false)], epoch=54}}
2026-07-04T11:26:12.068+05:30  INFO 8436 --- [notification-service] [ntainer#3-0-C-1] o.s.k.l.KafkaMessageListenerContainer    : notification-interaction-group: partitions assigned: [tweet-retweet-removed-topic-0]
2026-07-04T11:26:12.071+05:30  INFO 8436 --- [notification-service] [ntainer#4-0-C-1] o.a.k.c.c.internals.ConsumerUtils        : Setting offset for partition tweet-replied-topic-0 to the committed offset FetchPosition{offset=0, offsetEpoch=Optional.empty, currentLeader=LeaderAndEpoch{leader=Optional[localhost:9092 (id: 1 rack: null isFenced: false)], epoch=54}}
2026-07-04T11:26:12.072+05:30  INFO 8436 --- [notification-service] [ntainer#4-0-C-1] o.s.k.l.KafkaMessageListenerContainer    : notification-interaction-group: partitions assigned: [tweet-replied-topic-0]
2026-07-04T11:26:12.075+05:30  INFO 8436 --- [notification-service] [ntainer#0-0-C-1] o.a.k.c.c.internals.ConsumerUtils        : Setting offset for partition tweet-liked-topic-0 to the committed offset FetchPosition{offset=3, offsetEpoch=Optional.empty, currentLeader=LeaderAndEpoch{leader=Optional[localhost:9092 (id: 1 rack: null isFenced: false)], epoch=54}}
2026-07-04T11:26:12.077+05:30  INFO 8436 --- [notification-service] [ntainer#1-0-C-1] o.a.k.c.c.internals.ConsumerUtils        : Setting offset for partition tweet-unliked-topic-0 to the committed offset FetchPosition{offset=3, offsetEpoch=Optional.empty, currentLeader=LeaderAndEpoch{leader=Optional[localhost:9092 (id: 1 rack: null isFenced: false)], epoch=54}}
2026-07-04T11:26:12.076+05:30  INFO 8436 --- [notification-service] [ntainer#0-0-C-1] o.s.k.l.KafkaMessageListenerContainer    : notification-interaction-group: partitions assigned: [tweet-liked-topic-0]
2026-07-04T11:26:12.088+05:30  INFO 8436 --- [notification-service] [ntainer#1-0-C-1] o.s.k.l.KafkaMessageListenerContainer    : notification-interaction-group: partitions assigned: [tweet-unliked-topic-0]
2026-07-04T11:26:12.090+05:30  INFO 8436 --- [notification-service] [ntainer#2-0-C-1] o.a.k.c.c.internals.ConsumerUtils        : Setting offset for partition tweet-retweeted-topic-0 to the committed offset FetchPosition{offset=4, offsetEpoch=Optional.empty, currentLeader=LeaderAndEpoch{leader=Optional[localhost:9092 (id: 1 rack: null isFenced: false)], epoch=54}}
2026-07-04T11:26:12.092+05:30  INFO 8436 --- [notification-service] [ntainer#2-0-C-1] o.s.k.l.KafkaMessageListenerContainer    : notification-interaction-group: partitions assigned: [tweet-retweeted-topic-0]
2026-07-04T11:30:00.503+05:30  INFO 8436 --- [notification-service] [ionShutdownHook] o.s.c.n.e.s.EurekaServiceRegistry        : Unregistering application NOTIFICATION-SERVICE with eureka with status DOWN
2026-07-04T11:30:00.505+05:30  INFO 8436 --- [notification-service] [ionShutdownHook] com.netflix.discovery.DiscoveryClient    : Saw local status change event StatusChangeEvent [timestamp=1783144800505, current=DOWN, previous=UP]
2026-07-04T11:30:00.510+05:30  INFO 8436 --- [notification-service] [foReplicator-%d] com.netflix.discovery.DiscoveryClient    : DiscoveryClient_NOTIFICATION-SERVICE/10.10.3.10:notification-service:8083: registering service...
2026-07-04T11:30:00.549+05:30  INFO 8436 --- [notification-service] [ntainer#0-0-C-1] k.c.c.i.ConsumerRebalanceListenerInvoker : [Consumer clientId=consumer-notification-interaction-group-6, groupId=notification-interaction-group] Revoke previously assigned partitions [tweet-liked-topic-0]
2026-07-04T11:30:00.550+05:30  INFO 8436 --- [notification-service] [ntainer#4-0-C-1] k.c.c.i.ConsumerRebalanceListenerInvoker : [Consumer clientId=consumer-notification-interaction-group-4, groupId=notification-interaction-group] Revoke previously assigned partitions [tweet-replied-topic-0]
2026-07-04T11:30:00.551+05:30  INFO 8436 --- [notification-service] [ntainer#3-0-C-1] k.c.c.i.ConsumerRebalanceListenerInvoker : [Consumer clientId=consumer-notification-interaction-group-3, groupId=notification-interaction-group] Revoke previously assigned partitions [tweet-retweet-removed-topic-0]
2026-07-04T11:30:00.554+05:30  INFO 8436 --- [notification-service] [ntainer#5-0-C-1] k.c.c.i.ConsumerRebalanceListenerInvoker : [Consumer clientId=consumer-notification-interaction-group-5, groupId=notification-interaction-group] Revoke previously assigned partitions [tweet-reply-deleted-topic-0]
2026-07-04T11:30:00.549+05:30  INFO 8436 --- [notification-service] [ntainer#2-0-C-1] k.c.c.i.ConsumerRebalanceListenerInvoker : [Consumer clientId=consumer-notification-interaction-group-2, groupId=notification-interaction-group] Revoke previously assigned partitions [tweet-retweeted-topic-0]
2026-07-04T11:30:00.552+05:30  INFO 8436 --- [notification-service] [ntainer#6-0-C-1] k.c.c.i.ConsumerRebalanceListenerInvoker : [Consumer clientId=consumer-notification-group-1, groupId=notification-group] Revoke previously assigned partitions [notification-topic-0]
2026-07-04T11:30:00.559+05:30  INFO 8436 --- [notification-service] [ntainer#2-0-C-1] o.s.k.l.KafkaMessageListenerContainer    : notification-interaction-group: partitions revoked: [tweet-retweeted-topic-0]
2026-07-04T11:30:00.560+05:30  INFO 8436 --- [notification-service] [ntainer#0-0-C-1] o.s.k.l.KafkaMessageListenerContainer    : notification-interaction-group: partitions revoked: [tweet-liked-topic-0]
2026-07-04T11:30:00.563+05:30  INFO 8436 --- [notification-service] [ntainer#4-0-C-1] o.s.k.l.KafkaMessageListenerContainer    : notification-interaction-group: partitions revoked: [tweet-replied-topic-0]
2026-07-04T11:30:00.564+05:30  INFO 8436 --- [notification-service] [ntainer#5-0-C-1] o.s.k.l.KafkaMessageListenerContainer    : notification-interaction-group: partitions revoked: [tweet-reply-deleted-topic-0]
2026-07-04T11:30:00.565+05:30  INFO 8436 --- [notification-service] [foReplicator-%d] com.netflix.discovery.DiscoveryClient    : DiscoveryClient_NOTIFICATION-SERVICE/10.10.3.10:notification-service:8083 - registration status: 204
2026-07-04T11:30:00.571+05:30  INFO 8436 --- [notification-service] [ntainer#2-0-C-1] o.a.k.c.c.internals.ConsumerCoordinator  : [Consumer clientId=consumer-notification-interaction-group-2, groupId=notification-interaction-group] Member consumer-notification-interaction-group-2-35a632d9-3ef5-42f9-9eba-ecdd3eb6bc45 sending LeaveGroup request to coordinator localhost:9092 (id: 2147483646 rack: null isFenced: false) due to the consumer unsubscribed from all topics
2026-07-04T11:30:00.552+05:30  INFO 8436 --- [notification-service] [ntainer#1-0-C-1] k.c.c.i.ConsumerRebalanceListenerInvoker : [Consumer clientId=consumer-notification-interaction-group-7, groupId=notification-interaction-group] Revoke previously assigned partitions [tweet-unliked-topic-0]
2026-07-04T11:30:00.572+05:30  INFO 8436 --- [notification-service] [ntainer#4-0-C-1] o.a.k.c.c.internals.ConsumerCoordinator  : [Consumer clientId=consumer-notification-interaction-group-4, groupId=notification-interaction-group] Member consumer-notification-interaction-group-4-8d0cb0e2-8f63-4b74-9ded-5b3e6b7fcc8a sending LeaveGroup request to coordinator localhost:9092 (id: 2147483646 rack: null isFenced: false) due to the consumer unsubscribed from all topics
2026-07-04T11:30:00.573+05:30  INFO 8436 --- [notification-service] [ntainer#1-0-C-1] o.s.k.l.KafkaMessageListenerContainer    : notification-interaction-group: partitions revoked: [tweet-unliked-topic-0]
2026-07-04T11:30:00.559+05:30  INFO 8436 --- [notification-service] [ntainer#6-0-C-1] o.s.k.l.KafkaMessageListenerContainer    : notification-group: partitions revoked: [notification-topic-0]
2026-07-04T11:30:00.578+05:30  INFO 8436 --- [notification-service] [ntainer#4-0-C-1] o.a.k.c.c.internals.ConsumerCoordinator  : [Consumer clientId=consumer-notification-interaction-group-4, groupId=notification-interaction-group] Resetting generation and member id due to: consumer pro-actively leaving the group
2026-07-04T11:30:00.579+05:30  INFO 8436 --- [notification-service] [ntainer#4-0-C-1] o.a.k.c.c.internals.ConsumerCoordinator  : [Consumer clientId=consumer-notification-interaction-group-4, groupId=notification-interaction-group] Request joining group due to: consumer pro-actively leaving the group
2026-07-04T11:30:00.579+05:30  INFO 8436 --- [notification-service] [ntainer#6-0-C-1] o.a.k.c.c.internals.ConsumerCoordinator  : [Consumer clientId=consumer-notification-group-1, groupId=notification-group] Member consumer-notification-group-1-21e5ac5a-8711-413b-bda4-e3141f02be04 sending LeaveGroup request to coordinator localhost:9092 (id: 2147483646 rack: null isFenced: false) due to the consumer unsubscribed from all topics
2026-07-04T11:30:00.581+05:30  INFO 8436 --- [notification-service] [ntainer#5-0-C-1] o.a.k.c.c.internals.ConsumerCoordinator  : [Consumer clientId=consumer-notification-interaction-group-5, groupId=notification-interaction-group] Member consumer-notification-interaction-group-5-5c7ee286-bca3-4e0f-b561-e966267b0037 sending LeaveGroup request to coordinator localhost:9092 (id: 2147483646 rack: null isFenced: false) due to the consumer unsubscribed from all topics
2026-07-04T11:30:00.583+05:30  INFO 8436 --- [notification-service] [ntainer#2-0-C-1] o.a.k.c.c.internals.ConsumerCoordinator  : [Consumer clientId=consumer-notification-interaction-group-2, groupId=notification-interaction-group] Resetting generation and member id due to: consumer pro-actively leaving the group
2026-07-04T11:30:00.579+05:30  INFO 8436 --- [notification-service] [ntainer#1-0-C-1] o.a.k.c.c.internals.ConsumerCoordinator  : [Consumer clientId=consumer-notification-interaction-group-7, groupId=notification-interaction-group] Member consumer-notification-interaction-group-7-9ddefa6f-6aa6-4e91-b0ca-cc485e1f9f82 sending LeaveGroup request to coordinator localhost:9092 (id: 2147483646 rack: null isFenced: false) due to the consumer unsubscribed from all topics
2026-07-04T11:30:00.559+05:30  INFO 8436 --- [notification-service] [ntainer#3-0-C-1] o.s.k.l.KafkaMessageListenerContainer    : notification-interaction-group: partitions revoked: [tweet-retweet-removed-topic-0]
2026-07-04T11:30:00.579+05:30  INFO 8436 --- [notification-service] [ntainer#0-0-C-1] o.a.k.c.c.internals.ConsumerCoordinator  : [Consumer clientId=consumer-notification-interaction-group-6, groupId=notification-interaction-group] Member consumer-notification-interaction-group-6-6383f493-c759-4ca4-9100-1c89e2d2f595 sending LeaveGroup request to coordinator localhost:9092 (id: 2147483646 rack: null isFenced: false) due to the consumer unsubscribed from all topics
2026-07-04T11:30:00.583+05:30  INFO 8436 --- [notification-service] [ntainer#2-0-C-1] o.a.k.c.c.internals.ConsumerCoordinator  : [Consumer clientId=consumer-notification-interaction-group-2, groupId=notification-interaction-group] Request joining group due to: consumer pro-actively leaving the group
2026-07-04T11:30:00.586+05:30  INFO 8436 --- [notification-service] [ntainer#2-0-C-1] o.a.k.c.c.i.ClassicKafkaConsumer         : [Consumer clientId=consumer-notification-interaction-group-2, groupId=notification-interaction-group] Unsubscribed all topics or patterns and assigned partitions
2026-07-04T11:30:00.587+05:30  INFO 8436 --- [notification-service] [ntainer#3-0-C-1] o.a.k.c.c.internals.ConsumerCoordinator  : [Consumer clientId=consumer-notification-interaction-group-3, groupId=notification-interaction-group] Member consumer-notification-interaction-group-3-d6c4473a-a3b8-4660-9815-2830f8cd9776 sending LeaveGroup request to coordinator localhost:9092 (id: 2147483646 rack: null isFenced: false) due to the consumer unsubscribed from all topics
2026-07-04T11:30:00.579+05:30  INFO 8436 --- [notification-service] [ntainer#4-0-C-1] o.a.k.c.c.i.ClassicKafkaConsumer         : [Consumer clientId=consumer-notification-interaction-group-4, groupId=notification-interaction-group] Unsubscribed all topics or patterns and assigned partitions
2026-07-04T11:30:00.587+05:30  INFO 8436 --- [notification-service] [ntainer#0-0-C-1] o.a.k.c.c.internals.ConsumerCoordinator  : [Consumer clientId=consumer-notification-interaction-group-6, groupId=notification-interaction-group] Resetting generation and member id due to: consumer pro-actively leaving the group
2026-07-04T11:30:00.592+05:30  INFO 8436 --- [notification-service] [ntainer#0-0-C-1] o.a.k.c.c.internals.ConsumerCoordinator  : [Consumer clientId=consumer-notification-interaction-group-6, groupId=notification-interaction-group] Request joining group due to: consumer pro-actively leaving the group
2026-07-04T11:30:00.592+05:30  INFO 8436 --- [notification-service] [ntainer#0-0-C-1] o.a.k.c.c.i.ClassicKafkaConsumer         : [Consumer clientId=consumer-notification-interaction-group-6, groupId=notification-interaction-group] Unsubscribed all topics or patterns and assigned partitions
2026-07-04T11:30:00.593+05:30  INFO 8436 --- [notification-service] [ntainer#5-0-C-1] o.a.k.c.c.internals.ConsumerCoordinator  : [Consumer clientId=consumer-notification-interaction-group-5, groupId=notification-interaction-group] Resetting generation and member id due to: consumer pro-actively leaving the group
2026-07-04T11:30:00.594+05:30  INFO 8436 --- [notification-service] [ntainer#5-0-C-1] o.a.k.c.c.internals.ConsumerCoordinator  : [Consumer clientId=consumer-notification-interaction-group-5, groupId=notification-interaction-group] Request joining group due to: consumer pro-actively leaving the group
2026-07-04T11:30:00.594+05:30  INFO 8436 --- [notification-service] [ntainer#5-0-C-1] o.a.k.c.c.i.ClassicKafkaConsumer         : [Consumer clientId=consumer-notification-interaction-group-5, groupId=notification-interaction-group] Unsubscribed all topics or patterns and assigned partitions
2026-07-04T11:30:00.594+05:30  INFO 8436 --- [notification-service] [ntainer#1-0-C-1] o.a.k.c.c.internals.ConsumerCoordinator  : [Consumer clientId=consumer-notification-interaction-group-7, groupId=notification-interaction-group] Resetting generation and member id due to: consumer pro-actively leaving the group
2026-07-04T11:30:00.596+05:30  INFO 8436 --- [notification-service] [ntainer#3-0-C-1] o.a.k.c.c.internals.ConsumerCoordinator  : [Consumer clientId=consumer-notification-interaction-group-3, groupId=notification-interaction-group] Resetting generation and member id due to: consumer pro-actively leaving the group
2026-07-04T11:30:00.596+05:30  INFO 8436 --- [notification-service] [ntainer#3-0-C-1] o.a.k.c.c.internals.ConsumerCoordinator  : [Consumer clientId=consumer-notification-interaction-group-3, groupId=notification-interaction-group] Request joining group due to: consumer pro-actively leaving the group
2026-07-04T11:30:00.596+05:30  INFO 8436 --- [notification-service] [ntainer#3-0-C-1] o.a.k.c.c.i.ClassicKafkaConsumer         : [Consumer clientId=consumer-notification-interaction-group-3, groupId=notification-interaction-group] Unsubscribed all topics or patterns and assigned partitions
2026-07-04T11:30:00.592+05:30  INFO 8436 --- [notification-service] [ntainer#6-0-C-1] o.a.k.c.c.internals.ConsumerCoordinator  : [Consumer clientId=consumer-notification-group-1, groupId=notification-group] Resetting generation and member id due to: consumer pro-actively leaving the group
2026-07-04T11:30:00.597+05:30  INFO 8436 --- [notification-service] [ntainer#6-0-C-1] o.a.k.c.c.internals.ConsumerCoordinator  : [Consumer clientId=consumer-notification-group-1, groupId=notification-group] Request joining group due to: consumer pro-actively leaving the group
2026-07-04T11:30:00.597+05:30  INFO 8436 --- [notification-service] [ntainer#6-0-C-1] o.a.k.c.c.i.ClassicKafkaConsumer         : [Consumer clientId=consumer-notification-group-1, groupId=notification-group] Unsubscribed all topics or patterns and assigned partitions
2026-07-04T11:30:00.595+05:30  INFO 8436 --- [notification-service] [ntainer#1-0-C-1] o.a.k.c.c.internals.ConsumerCoordinator  : [Consumer clientId=consumer-notification-interaction-group-7, groupId=notification-interaction-group] Request joining group due to: consumer pro-actively leaving the group
2026-07-04T11:30:00.611+05:30  INFO 8436 --- [notification-service] [ntainer#5-0-C-1] o.a.k.c.c.internals.ConsumerCoordinator  : [Consumer clientId=consumer-notification-interaction-group-5, groupId=notification-interaction-group] Resetting generation and member id due to: consumer pro-actively leaving the group
2026-07-04T11:30:00.610+05:30  INFO 8436 --- [notification-service] [ntainer#3-0-C-1] o.a.k.c.c.internals.ConsumerCoordinator  : [Consumer clientId=consumer-notification-interaction-group-3, groupId=notification-interaction-group] Resetting generation and member id due to: consumer pro-actively leaving the group
2026-07-04T11:30:00.612+05:30  INFO 8436 --- [notification-service] [ntainer#3-0-C-1] o.a.k.c.c.internals.ConsumerCoordinator  : [Consumer clientId=consumer-notification-interaction-group-3, groupId=notification-interaction-group] Request joining group due to: consumer pro-actively leaving the group
2026-07-04T11:30:00.611+05:30  INFO 8436 --- [notification-service] [ntainer#1-0-C-1] o.a.k.c.c.i.ClassicKafkaConsumer         : [Consumer clientId=consumer-notification-interaction-group-7, groupId=notification-interaction-group] Unsubscribed all topics or patterns and assigned partitions
2026-07-04T11:30:00.613+05:30  INFO 8436 --- [notification-service] [ntainer#5-0-C-1] o.a.k.c.c.internals.ConsumerCoordinator  : [Consumer clientId=consumer-notification-interaction-group-5, groupId=notification-interaction-group] Request joining group due to: consumer pro-actively leaving the group
2026-07-04T11:30:00.611+05:30  INFO 8436 --- [notification-service] [ntainer#4-0-C-1] o.a.k.c.c.internals.ConsumerCoordinator  : [Consumer clientId=consumer-notification-interaction-group-4, groupId=notification-interaction-group] Resetting generation and member id due to: consumer pro-actively leaving the group
2026-07-04T11:30:00.616+05:30  INFO 8436 --- [notification-service] [ntainer#4-0-C-1] o.a.k.c.c.internals.ConsumerCoordinator  : [Consumer clientId=consumer-notification-interaction-group-4, groupId=notification-interaction-group] Request joining group due to: consumer pro-actively leaving the group
2026-07-04T11:30:00.618+05:30  INFO 8436 --- [notification-service] [ntainer#0-0-C-1] o.a.k.c.c.internals.ConsumerCoordinator  : [Consumer clientId=consumer-notification-interaction-group-6, groupId=notification-interaction-group] Resetting generation and member id due to: consumer pro-actively leaving the group
2026-07-04T11:30:00.618+05:30  INFO 8436 --- [notification-service] [ntainer#0-0-C-1] o.a.k.c.c.internals.ConsumerCoordinator  : [Consumer clientId=consumer-notification-interaction-group-6, groupId=notification-interaction-group] Request joining group due to: consumer pro-actively leaving the group
2026-07-04T11:30:00.611+05:30  INFO 8436 --- [notification-service] [ntainer#6-0-C-1] o.a.k.c.c.internals.ConsumerCoordinator  : [Consumer clientId=consumer-notification-group-1, groupId=notification-group] Resetting generation and member id due to: consumer pro-actively leaving the group
2026-07-04T11:30:00.617+05:30  INFO 8436 --- [notification-service] [ntainer#2-0-C-1] o.a.k.c.c.internals.ConsumerCoordinator  : [Consumer clientId=consumer-notification-interaction-group-2, groupId=notification-interaction-group] Resetting generation and member id due to: consumer pro-actively leaving the group
2026-07-04T11:30:00.617+05:30  INFO 8436 --- [notification-service] [ntainer#1-0-C-1] o.a.k.c.c.internals.ConsumerCoordinator  : [Consumer clientId=consumer-notification-interaction-group-7, groupId=notification-interaction-group] Resetting generation and member id due to: consumer pro-actively leaving the group
2026-07-04T11:30:00.620+05:30  INFO 8436 --- [notification-service] [ntainer#6-0-C-1] o.a.k.c.c.internals.ConsumerCoordinator  : [Consumer clientId=consumer-notification-group-1, groupId=notification-group] Request joining group due to: consumer pro-actively leaving the group
2026-07-04T11:30:00.620+05:30  INFO 8436 --- [notification-service] [ntainer#1-0-C-1] o.a.k.c.c.internals.ConsumerCoordinator  : [Consumer clientId=consumer-notification-interaction-group-7, groupId=notification-interaction-group] Request joining group due to: consumer pro-actively leaving the group
2026-07-04T11:30:00.620+05:30  INFO 8436 --- [notification-service] [ntainer#2-0-C-1] o.a.k.c.c.internals.ConsumerCoordinator  : [Consumer clientId=consumer-notification-interaction-group-2, groupId=notification-interaction-group] Request joining group due to: consumer pro-actively leaving the group
2026-07-04T11:30:00.887+05:30  INFO 8436 --- [notification-service] [ntainer#0-0-C-1] o.apache.kafka.common.metrics.Metrics    : Metrics scheduler closed
2026-07-04T11:30:00.888+05:30  INFO 8436 --- [notification-service] [ntainer#0-0-C-1] o.apache.kafka.common.metrics.Metrics    : Closing reporter org.apache.kafka.common.metrics.JmxReporter
2026-07-04T11:30:00.888+05:30  INFO 8436 --- [notification-service] [ntainer#6-0-C-1] o.apache.kafka.common.metrics.Metrics    : Metrics scheduler closed
2026-07-04T11:30:00.889+05:30  INFO 8436 --- [notification-service] [ntainer#6-0-C-1] o.apache.kafka.common.metrics.Metrics    : Closing reporter org.apache.kafka.common.metrics.JmxReporter
2026-07-04T11:30:00.888+05:30  INFO 8436 --- [notification-service] [ntainer#0-0-C-1] o.apache.kafka.common.metrics.Metrics    : Closing reporter org.apache.kafka.common.telemetry.internals.ClientTelemetryReporter
2026-07-04T11:30:00.889+05:30  INFO 8436 --- [notification-service] [ntainer#1-0-C-1] o.apache.kafka.common.metrics.Metrics    : Metrics scheduler closed
2026-07-04T11:30:00.890+05:30  INFO 8436 --- [notification-service] [ntainer#6-0-C-1] o.apache.kafka.common.metrics.Metrics    : Closing reporter org.apache.kafka.common.telemetry.internals.ClientTelemetryReporter
2026-07-04T11:30:00.889+05:30  INFO 8436 --- [notification-service] [ntainer#2-0-C-1] o.apache.kafka.common.metrics.Metrics    : Metrics scheduler closed
2026-07-04T11:30:00.890+05:30  INFO 8436 --- [notification-service] [ntainer#1-0-C-1] o.apache.kafka.common.metrics.Metrics    : Closing reporter org.apache.kafka.common.metrics.JmxReporter
2026-07-04T11:30:00.890+05:30  INFO 8436 --- [notification-service] [ntainer#3-0-C-1] o.apache.kafka.common.metrics.Metrics    : Metrics scheduler closed
2026-07-04T11:30:00.891+05:30  INFO 8436 --- [notification-service] [ntainer#3-0-C-1] o.apache.kafka.common.metrics.Metrics    : Closing reporter org.apache.kafka.common.metrics.JmxReporter
2026-07-04T11:30:00.891+05:30  INFO 8436 --- [notification-service] [ntainer#0-0-C-1] o.apache.kafka.common.metrics.Metrics    : Metrics reporters closed
2026-07-04T11:30:00.891+05:30  INFO 8436 --- [notification-service] [ntainer#6-0-C-1] o.apache.kafka.common.metrics.Metrics    : Metrics reporters closed
2026-07-04T11:30:00.891+05:30  INFO 8436 --- [notification-service] [ntainer#2-0-C-1] o.apache.kafka.common.metrics.Metrics    : Closing reporter org.apache.kafka.common.metrics.JmxReporter
2026-07-04T11:30:00.894+05:30  INFO 8436 --- [notification-service] [ntainer#2-0-C-1] o.apache.kafka.common.metrics.Metrics    : Closing reporter org.apache.kafka.common.telemetry.internals.ClientTelemetryReporter
2026-07-04T11:30:00.895+05:30  INFO 8436 --- [notification-service] [ntainer#2-0-C-1] o.apache.kafka.common.metrics.Metrics    : Metrics reporters closed
2026-07-04T11:30:00.892+05:30  INFO 8436 --- [notification-service] [ntainer#1-0-C-1] o.apache.kafka.common.metrics.Metrics    : Closing reporter org.apache.kafka.common.telemetry.internals.ClientTelemetryReporter
2026-07-04T11:30:00.895+05:30  INFO 8436 --- [notification-service] [ntainer#1-0-C-1] o.apache.kafka.common.metrics.Metrics    : Metrics reporters closed
2026-07-04T11:30:00.895+05:30  INFO 8436 --- [notification-service] [ntainer#4-0-C-1] o.apache.kafka.common.metrics.Metrics    : Metrics scheduler closed
2026-07-04T11:30:00.896+05:30  INFO 8436 --- [notification-service] [ntainer#4-0-C-1] o.apache.kafka.common.metrics.Metrics    : Closing reporter org.apache.kafka.common.metrics.JmxReporter
2026-07-04T11:30:00.896+05:30  INFO 8436 --- [notification-service] [ntainer#4-0-C-1] o.apache.kafka.common.metrics.Metrics    : Closing reporter org.apache.kafka.common.telemetry.internals.ClientTelemetryReporter
2026-07-04T11:30:00.893+05:30  INFO 8436 --- [notification-service] [ntainer#5-0-C-1] o.apache.kafka.common.metrics.Metrics    : Metrics scheduler closed
2026-07-04T11:30:00.896+05:30  INFO 8436 --- [notification-service] [ntainer#5-0-C-1] o.apache.kafka.common.metrics.Metrics    : Closing reporter org.apache.kafka.common.metrics.JmxReporter
2026-07-04T11:30:00.893+05:30  INFO 8436 --- [notification-service] [ntainer#3-0-C-1] o.apache.kafka.common.metrics.Metrics    : Closing reporter org.apache.kafka.common.telemetry.internals.ClientTelemetryReporter
2026-07-04T11:30:00.897+05:30  INFO 8436 --- [notification-service] [ntainer#3-0-C-1] o.apache.kafka.common.metrics.Metrics    : Metrics reporters closed
2026-07-04T11:30:00.896+05:30  INFO 8436 --- [notification-service] [ntainer#4-0-C-1] o.apache.kafka.common.metrics.Metrics    : Metrics reporters closed
2026-07-04T11:30:00.897+05:30  INFO 8436 --- [notification-service] [ntainer#5-0-C-1] o.apache.kafka.common.metrics.Metrics    : Closing reporter org.apache.kafka.common.telemetry.internals.ClientTelemetryReporter
2026-07-04T11:30:00.898+05:30  INFO 8436 --- [notification-service] [ntainer#5-0-C-1] o.apache.kafka.common.metrics.Metrics    : Metrics reporters closed
2026-07-04T11:30:00.928+05:30  INFO 8436 --- [notification-service] [ntainer#0-0-C-1] o.a.kafka.common.utils.AppInfoParser     : App info kafka.consumer for consumer-notification-interaction-group-6 unregistered
2026-07-04T11:30:00.931+05:30  INFO 8436 --- [notification-service] [ntainer#3-0-C-1] o.a.kafka.common.utils.AppInfoParser     : App info kafka.consumer for consumer-notification-interaction-group-3 unregistered
2026-07-04T11:30:00.933+05:30  INFO 8436 --- [notification-service] [ntainer#5-0-C-1] o.a.kafka.common.utils.AppInfoParser     : App info kafka.consumer for consumer-notification-interaction-group-5 unregistered
2026-07-04T11:30:00.934+05:30  INFO 8436 --- [notification-service] [ntainer#5-0-C-1] o.s.k.l.KafkaMessageListenerContainer    : notification-interaction-group: Consumer stopped
2026-07-04T11:30:00.938+05:30  INFO 8436 --- [notification-service] [ntainer#0-0-C-1] o.s.k.l.KafkaMessageListenerContainer    : notification-interaction-group: Consumer stopped
2026-07-04T11:30:00.940+05:30  INFO 8436 --- [notification-service] [ntainer#4-0-C-1] o.a.kafka.common.utils.AppInfoParser     : App info kafka.consumer for consumer-notification-interaction-group-4 unregistered
2026-07-04T11:30:00.941+05:30  INFO 8436 --- [notification-service] [ntainer#4-0-C-1] o.s.k.l.KafkaMessageListenerContainer    : notification-interaction-group: Consumer stopped
2026-07-04T11:30:00.941+05:30  INFO 8436 --- [notification-service] [ntainer#2-0-C-1] o.a.kafka.common.utils.AppInfoParser     : App info kafka.consumer for consumer-notification-interaction-group-2 unregistered
2026-07-04T11:30:00.941+05:30  INFO 8436 --- [notification-service] [ntainer#3-0-C-1] o.s.k.l.KafkaMessageListenerContainer    : notification-interaction-group: Consumer stopped
2026-07-04T11:30:00.942+05:30  INFO 8436 --- [notification-service] [ntainer#6-0-C-1] o.a.kafka.common.utils.AppInfoParser     : App info kafka.consumer for consumer-notification-group-1 unregistered
2026-07-04T11:30:00.942+05:30  INFO 8436 --- [notification-service] [ntainer#6-0-C-1] o.s.k.l.KafkaMessageListenerContainer    : notification-group: Consumer stopped
2026-07-04T11:30:00.942+05:30  INFO 8436 --- [notification-service] [ntainer#2-0-C-1] o.s.k.l.KafkaMessageListenerContainer    : notification-interaction-group: Consumer stopped
2026-07-04T11:30:00.943+05:30  INFO 8436 --- [notification-service] [ntainer#1-0-C-1] o.a.kafka.common.utils.AppInfoParser     : App info kafka.consumer for consumer-notification-interaction-group-7 unregistered
2026-07-04T11:30:00.943+05:30  INFO 8436 --- [notification-service] [ntainer#1-0-C-1] o.s.k.l.KafkaMessageListenerContainer    : notification-interaction-group: Consumer stopped
2026-07-04T11:30:00.965+05:30  INFO 8436 --- [notification-service] [ionShutdownHook] o.s.boot.tomcat.GracefulShutdown         : Commencing graceful shutdown. Waiting for active requests to complete
2026-07-04T11:30:00.975+05:30  INFO 8436 --- [notification-service] [tomcat-shutdown] o.s.boot.tomcat.GracefulShutdown         : Graceful shutdown complete
2026-07-04T11:30:00.995+05:30  INFO 8436 --- [notification-service] [ionShutdownHook] j.LocalContainerEntityManagerFactoryBean : Closing JPA EntityManagerFactory for persistence unit 'default'
2026-07-04T11:30:01.016+05:30  INFO 8436 --- [notification-service] [ionShutdownHook] com.zaxxer.hikari.HikariDataSource       : HikariPool-1 - Shutdown initiated...
2026-07-04T11:30:01.077+05:30  INFO 8436 --- [notification-service] [ionShutdownHook] com.zaxxer.hikari.HikariDataSource       : HikariPool-1 - Shutdown completed.
2026-07-04T11:30:01.080+05:30  INFO 8436 --- [notification-service] [ionShutdownHook] com.netflix.discovery.DiscoveryClient    : Shutting down DiscoveryClient ...
2026-07-04T11:30:02.983+05:30  INFO 8436 --- [notification-service] [beatExecutor-%d] c.n.d.s.t.d.RedirectingEurekaHttpClient  : Request execution error. endpoint=DefaultEndpoint{ serviceUrl='http://localhost:8761/eureka/} exception=I/O error on PUT request for "http://localhost:8761/eureka/apps/NOTIFICATION-SERVICE/10.10.3.10:notification-service:8083": Connect to http://localhost:8761 failed: Connection refused

org.springframework.web.client.ResourceAccessException: I/O error on PUT request for "http://localhost:8761/eureka/apps/NOTIFICATION-SERVICE/10.10.3.10:notification-service:8083": Connect to http://localhost:8761 failed: Connection refused
	at org.springframework.web.client.DefaultRestClient$DefaultRequestBodyUriSpec.createResourceAccessException(DefaultRestClient.java:779) ~[spring-web-7.0.8.jar:7.0.8]
	at org.springframework.web.client.DefaultRestClient$DefaultRequestBodyUriSpec.exchangeInternal(DefaultRestClient.java:624) ~[spring-web-7.0.8.jar:7.0.8]
	at org.springframework.web.client.DefaultRestClient$DefaultRequestBodyUriSpec.exchange(DefaultRestClient.java:572) ~[spring-web-7.0.8.jar:7.0.8]
	at org.springframework.web.client.RestClient$RequestHeadersSpec.exchange(RestClient.java:747) ~[spring-web-7.0.8.jar:7.0.8]
	at org.springframework.web.client.DefaultRestClient$DefaultResponseSpec.executeAndExtract(DefaultRestClient.java:924) ~[spring-web-7.0.8.jar:7.0.8]
	at org.springframework.web.client.DefaultRestClient$DefaultResponseSpec.toEntityInternal(DefaultRestClient.java:870) ~[spring-web-7.0.8.jar:7.0.8]
	at org.springframework.web.client.DefaultRestClient$DefaultResponseSpec.toEntity(DefaultRestClient.java:859) ~[spring-web-7.0.8.jar:7.0.8]
	at org.springframework.cloud.netflix.eureka.http.RestClientEurekaHttpClient.sendHeartBeat(RestClientEurekaHttpClient.java:91) ~[spring-cloud-netflix-eureka-client-5.0.2.jar:5.0.2]
	at com.netflix.discovery.shared.transport.decorator.EurekaHttpClientDecorator$3.execute(EurekaHttpClientDecorator.java:92) ~[eureka-client-2.0.6.jar:2.0.6]
	at com.netflix.discovery.shared.transport.decorator.RedirectingEurekaHttpClient.execute(RedirectingEurekaHttpClient.java:90) ~[eureka-client-2.0.6.jar:2.0.6]
	at com.netflix.discovery.shared.transport.decorator.EurekaHttpClientDecorator.sendHeartBeat(EurekaHttpClientDecorator.java:89) ~[eureka-client-2.0.6.jar:2.0.6]
	at com.netflix.discovery.shared.transport.decorator.EurekaHttpClientDecorator$3.execute(EurekaHttpClientDecorator.java:92) ~[eureka-client-2.0.6.jar:2.0.6]
	at com.netflix.discovery.shared.transport.decorator.RetryableEurekaHttpClient.execute(RetryableEurekaHttpClient.java:120) ~[eureka-client-2.0.6.jar:2.0.6]
	at com.netflix.discovery.shared.transport.decorator.EurekaHttpClientDecorator.sendHeartBeat(EurekaHttpClientDecorator.java:89) ~[eureka-client-2.0.6.jar:2.0.6]
	at com.netflix.discovery.shared.transport.decorator.EurekaHttpClientDecorator$3.execute(EurekaHttpClientDecorator.java:92) ~[eureka-client-2.0.6.jar:2.0.6]
	at com.netflix.discovery.shared.transport.decorator.SessionedEurekaHttpClient.execute(SessionedEurekaHttpClient.java:76) ~[eureka-client-2.0.6.jar:2.0.6]
	at com.netflix.discovery.shared.transport.decorator.EurekaHttpClientDecorator.sendHeartBeat(EurekaHttpClientDecorator.java:89) ~[eureka-client-2.0.6.jar:2.0.6]
	at com.netflix.discovery.DiscoveryClient.renew(DiscoveryClient.java:860) ~[eureka-client-2.0.6.jar:2.0.6]
	at com.netflix.discovery.DiscoveryClient$HeartbeatThread.run(DiscoveryClient.java:1418) ~[eureka-client-2.0.6.jar:2.0.6]
	at java.base/java.util.concurrent.Executors$RunnableAdapter.call(Executors.java:539) ~[na:na]
	at java.base/java.util.concurrent.FutureTask.run(FutureTask.java:264) ~[na:na]
	at java.base/java.util.concurrent.ThreadPoolExecutor.runWorker(ThreadPoolExecutor.java:1136) ~[na:na]
	at java.base/java.util.concurrent.ThreadPoolExecutor$Worker.run(ThreadPoolExecutor.java:635) ~[na:na]
	at java.base/java.lang.Thread.run(Thread.java:840) ~[na:na]
Caused by: org.apache.hc.client5.http.HttpHostConnectException: Connect to http://localhost:8761 failed: Connection refused
	at java.base/sun.nio.ch.Net.pollConnect(Native Method) ~[na:na]
	at java.base/sun.nio.ch.Net.pollConnectNow(Net.java:684) ~[na:na]
	at java.base/sun.nio.ch.NioSocketImpl.timedFinishConnect(NioSocketImpl.java:547) ~[na:na]
	at java.base/sun.nio.ch.NioSocketImpl.connect(NioSocketImpl.java:602) ~[na:na]
	at java.base/java.net.SocksSocketImpl.connect(SocksSocketImpl.java:327) ~[na:na]
	at java.base/java.net.Socket.connect(Socket.java:633) ~[na:na]
	at org.apache.hc.client5.http.impl.io.DefaultHttpClientConnectionOperator.connect(DefaultHttpClientConnectionOperator.java:226) ~[httpclient5-5.5.2.jar:5.5.2]
	at org.apache.hc.client5.http.impl.io.PoolingHttpClientConnectionManager.connect(PoolingHttpClientConnectionManager.java:497) ~[httpclient5-5.5.2.jar:5.5.2]
	at org.apache.hc.client5.http.impl.classic.InternalExecRuntime.connectEndpoint(InternalExecRuntime.java:164) ~[httpclient5-5.5.2.jar:5.5.2]
	at org.apache.hc.client5.http.impl.classic.InternalExecRuntime.connectEndpoint(InternalExecRuntime.java:174) ~[httpclient5-5.5.2.jar:5.5.2]
	at org.apache.hc.client5.http.impl.classic.ConnectExec.execute(ConnectExec.java:144) ~[httpclient5-5.5.2.jar:5.5.2]
	at org.apache.hc.client5.http.impl.classic.ExecChainElement.execute(ExecChainElement.java:51) ~[httpclient5-5.5.2.jar:5.5.2]
	at org.apache.hc.client5.http.impl.classic.ProtocolExec.execute(ProtocolExec.java:195) ~[httpclient5-5.5.2.jar:5.5.2]
	at org.apache.hc.client5.http.impl.classic.ExecChainElement.execute(ExecChainElement.java:51) ~[httpclient5-5.5.2.jar:5.5.2]
	at org.apache.hc.client5.http.impl.classic.ContentCompressionExec.execute(ContentCompressionExec.java:168) ~[httpclient5-5.5.2.jar:5.5.2]
	at org.apache.hc.client5.http.impl.classic.ExecChainElement.execute(ExecChainElement.java:51) ~[httpclient5-5.5.2.jar:5.5.2]
	at org.apache.hc.client5.http.impl.classic.HttpRequestRetryExec.execute(HttpRequestRetryExec.java:112) ~[httpclient5-5.5.2.jar:5.5.2]
	at org.apache.hc.client5.http.impl.classic.ExecChainElement.execute(ExecChainElement.java:51) ~[httpclient5-5.5.2.jar:5.5.2]
	at org.apache.hc.client5.http.impl.classic.RedirectExec.execute(RedirectExec.java:110) ~[httpclient5-5.5.2.jar:5.5.2]
	at org.apache.hc.client5.http.impl.classic.ExecChainElement.execute(ExecChainElement.java:51) ~[httpclient5-5.5.2.jar:5.5.2]
	at org.apache.hc.client5.http.impl.classic.InternalHttpClient.doExecute(InternalHttpClient.java:185) ~[httpclient5-5.5.2.jar:5.5.2]
	at org.apache.hc.client5.http.impl.classic.CloseableHttpClient.execute(CloseableHttpClient.java:87) ~[httpclient5-5.5.2.jar:5.5.2]
	at org.apache.hc.client5.http.impl.classic.CloseableHttpClient.execute(CloseableHttpClient.java:55) ~[httpclient5-5.5.2.jar:5.5.2]
	at org.apache.hc.client5.http.classic.HttpClient.executeOpen(HttpClient.java:183) ~[httpclient5-5.5.2.jar:5.5.2]
	at org.springframework.http.client.HttpComponentsClientHttpRequest.executeInternal(HttpComponentsClientHttpRequest.java:99) ~[spring-web-7.0.8.jar:7.0.8]
	at org.springframework.http.client.AbstractStreamingClientHttpRequest.executeInternal(AbstractStreamingClientHttpRequest.java:87) ~[spring-web-7.0.8.jar:7.0.8]
	at org.springframework.http.client.AbstractClientHttpRequest.execute(AbstractClientHttpRequest.java:80) ~[spring-web-7.0.8.jar:7.0.8]
	at org.springframework.http.client.AbstractBufferingClientHttpRequest.executeWithRequestAndBody(AbstractBufferingClientHttpRequest.java:89) ~[spring-web-7.0.8.jar:7.0.8]
	at org.springframework.http.client.InterceptingClientHttpRequest$EndOfChainRequestExecution.execute(InterceptingClientHttpRequest.java:102) ~[spring-web-7.0.8.jar:7.0.8]
	at org.springframework.cloud.netflix.eureka.http.RestClientTransportClientFactory.lambda$newClient$2(RestClientTransportClientFactory.java:98) ~[spring-cloud-netflix-eureka-client-5.0.2.jar:5.0.2]
	at org.springframework.http.client.ClientHttpRequestInterceptor.lambda$apply$0(ClientHttpRequestInterceptor.java:89) ~[spring-web-7.0.8.jar:7.0.8]
	at org.springframework.http.client.InterceptingClientHttpRequest.executeInternal(InterceptingClientHttpRequest.java:73) ~[spring-web-7.0.8.jar:7.0.8]
	at org.springframework.http.client.AbstractBufferingClientHttpRequest.executeInternal(AbstractBufferingClientHttpRequest.java:50) ~[spring-web-7.0.8.jar:7.0.8]
	at org.springframework.http.client.AbstractClientHttpRequest.execute(AbstractClientHttpRequest.java:80) ~[spring-web-7.0.8.jar:7.0.8]
	at org.springframework.web.client.DefaultRestClient$DefaultRequestBodyUriSpec.exchangeInternal(DefaultRestClient.java:614) ~[spring-web-7.0.8.jar:7.0.8]
	... 22 common frames omitted

2026-07-04T11:30:02.995+05:30  WARN 8436 --- [notification-service] [beatExecutor-%d] c.n.d.s.t.d.RetryableEurekaHttpClient    : Request execution failed with message: I/O error on PUT request for "http://localhost:8761/eureka/apps/NOTIFICATION-SERVICE/10.10.3.10:notification-service:8083": Connect to http://localhost:8761 failed: Connection refused
2026-07-04T11:30:03.006+05:30  INFO 8436 --- [notification-service] [beatExecutor-%d] c.n.d.s.t.d.RedirectingEurekaHttpClient  : Request execution error. endpoint=DefaultEndpoint{ serviceUrl='http://localhost:8761/eureka/}, exception=I/O error on PUT request for "http://localhost:8761/eureka/apps/NOTIFICATION-SERVICE/10.10.3.10:notification-service:8083": Connect to http://localhost:8761 failed: Connection refused

org.springframework.web.client.ResourceAccessException: I/O error on PUT request for "http://localhost:8761/eureka/apps/NOTIFICATION-SERVICE/10.10.3.10:notification-service:8083": Connect to http://localhost:8761 failed: Connection refused
	at org.springframework.web.client.DefaultRestClient$DefaultRequestBodyUriSpec.createResourceAccessException(DefaultRestClient.java:779) ~[spring-web-7.0.8.jar:7.0.8]
	at org.springframework.web.client.DefaultRestClient$DefaultRequestBodyUriSpec.exchangeInternal(DefaultRestClient.java:624) ~[spring-web-7.0.8.jar:7.0.8]
	at org.springframework.web.client.DefaultRestClient$DefaultRequestBodyUriSpec.exchange(DefaultRestClient.java:572) ~[spring-web-7.0.8.jar:7.0.8]
	at org.springframework.web.client.RestClient$RequestHeadersSpec.exchange(RestClient.java:747) ~[spring-web-7.0.8.jar:7.0.8]
	at org.springframework.web.client.DefaultRestClient$DefaultResponseSpec.executeAndExtract(DefaultRestClient.java:924) ~[spring-web-7.0.8.jar:7.0.8]
	at org.springframework.web.client.DefaultRestClient$DefaultResponseSpec.toEntityInternal(DefaultRestClient.java:870) ~[spring-web-7.0.8.jar:7.0.8]
	at org.springframework.web.client.DefaultRestClient$DefaultResponseSpec.toEntity(DefaultRestClient.java:859) ~[spring-web-7.0.8.jar:7.0.8]
	at org.springframework.cloud.netflix.eureka.http.RestClientEurekaHttpClient.sendHeartBeat(RestClientEurekaHttpClient.java:91) ~[spring-cloud-netflix-eureka-client-5.0.2.jar:5.0.2]
	at com.netflix.discovery.shared.transport.decorator.EurekaHttpClientDecorator$3.execute(EurekaHttpClientDecorator.java:92) ~[eureka-client-2.0.6.jar:2.0.6]
	at com.netflix.discovery.shared.transport.decorator.RedirectingEurekaHttpClient.executeOnNewServer(RedirectingEurekaHttpClient.java:120) ~[eureka-client-2.0.6.jar:2.0.6]
	at com.netflix.discovery.shared.transport.decorator.RedirectingEurekaHttpClient.execute(RedirectingEurekaHttpClient.java:79) ~[eureka-client-2.0.6.jar:2.0.6]
	at com.netflix.discovery.shared.transport.decorator.EurekaHttpClientDecorator.sendHeartBeat(EurekaHttpClientDecorator.java:89) ~[eureka-client-2.0.6.jar:2.0.6]
	at com.netflix.discovery.shared.transport.decorator.EurekaHttpClientDecorator$3.execute(EurekaHttpClientDecorator.java:92) ~[eureka-client-2.0.6.jar:2.0.6]
	at com.netflix.discovery.shared.transport.decorator.RetryableEurekaHttpClient.execute(RetryableEurekaHttpClient.java:120) ~[eureka-client-2.0.6.jar:2.0.6]
	at com.netflix.discovery.shared.transport.decorator.EurekaHttpClientDecorator.sendHeartBeat(EurekaHttpClientDecorator.java:89) ~[eureka-client-2.0.6.jar:2.0.6]
	at com.netflix.discovery.shared.transport.decorator.EurekaHttpClientDecorator$3.execute(EurekaHttpClientDecorator.java:92) ~[eureka-client-2.0.6.jar:2.0.6]
	at com.netflix.discovery.shared.transport.decorator.SessionedEurekaHttpClient.execute(SessionedEurekaHttpClient.java:76) ~[eureka-client-2.0.6.jar:2.0.6]
	at com.netflix.discovery.shared.transport.decorator.EurekaHttpClientDecorator.sendHeartBeat(EurekaHttpClientDecorator.java:89) ~[eureka-client-2.0.6.jar:2.0.6]
	at com.netflix.discovery.DiscoveryClient.renew(DiscoveryClient.java:860) ~[eureka-client-2.0.6.jar:2.0.6]
	at com.netflix.discovery.DiscoveryClient$HeartbeatThread.run(DiscoveryClient.java:1418) ~[eureka-client-2.0.6.jar:2.0.6]
	at java.base/java.util.concurrent.Executors$RunnableAdapter.call(Executors.java:539) ~[na:na]
	at java.base/java.util.concurrent.FutureTask.run(FutureTask.java:264) ~[na:na]
	at java.base/java.util.concurrent.ThreadPoolExecutor.runWorker(ThreadPoolExecutor.java:1136) ~[na:na]
	at java.base/java.util.concurrent.ThreadPoolExecutor$Worker.run(ThreadPoolExecutor.java:635) ~[na:na]
	at java.base/java.lang.Thread.run(Thread.java:840) ~[na:na]
Caused by: org.apache.hc.client5.http.HttpHostConnectException: Connect to http://localhost:8761 failed: Connection refused
	at java.base/sun.nio.ch.Net.pollConnect(Native Method) ~[na:na]
	at java.base/sun.nio.ch.Net.pollConnectNow(Net.java:684) ~[na:na]
	at java.base/sun.nio.ch.NioSocketImpl.timedFinishConnect(NioSocketImpl.java:547) ~[na:na]
	at java.base/sun.nio.ch.NioSocketImpl.connect(NioSocketImpl.java:602) ~[na:na]
	at java.base/java.net.SocksSocketImpl.connect(SocksSocketImpl.java:327) ~[na:na]
	at java.base/java.net.Socket.connect(Socket.java:633) ~[na:na]
	at org.apache.hc.client5.http.impl.io.DefaultHttpClientConnectionOperator.connect(DefaultHttpClientConnectionOperator.java:226) ~[httpclient5-5.5.2.jar:5.5.2]
	at org.apache.hc.client5.http.impl.io.PoolingHttpClientConnectionManager.connect(PoolingHttpClientConnectionManager.java:497) ~[httpclient5-5.5.2.jar:5.5.2]
	at org.apache.hc.client5.http.impl.classic.InternalExecRuntime.connectEndpoint(InternalExecRuntime.java:164) ~[httpclient5-5.5.2.jar:5.5.2]
	at org.apache.hc.client5.http.impl.classic.InternalExecRuntime.connectEndpoint(InternalExecRuntime.java:174) ~[httpclient5-5.5.2.jar:5.5.2]
	at org.apache.hc.client5.http.impl.classic.ConnectExec.execute(ConnectExec.java:144) ~[httpclient5-5.5.2.jar:5.5.2]
	at org.apache.hc.client5.http.impl.classic.ExecChainElement.execute(ExecChainElement.java:51) ~[httpclient5-5.5.2.jar:5.5.2]
	at org.apache.hc.client5.http.impl.classic.ProtocolExec.execute(ProtocolExec.java:195) ~[httpclient5-5.5.2.jar:5.5.2]
	at org.apache.hc.client5.http.impl.classic.ExecChainElement.execute(ExecChainElement.java:51) ~[httpclient5-5.5.2.jar:5.5.2]
	at org.apache.hc.client5.http.impl.classic.ContentCompressionExec.execute(ContentCompressionExec.java:168) ~[httpclient5-5.5.2.jar:5.5.2]
	at org.apache.hc.client5.http.impl.classic.ExecChainElement.execute(ExecChainElement.java:51) ~[httpclient5-5.5.2.jar:5.5.2]
	at org.apache.hc.client5.http.impl.classic.HttpRequestRetryExec.execute(HttpRequestRetryExec.java:112) ~[httpclient5-5.5.2.jar:5.5.2]
	at org.apache.hc.client5.http.impl.classic.ExecChainElement.execute(ExecChainElement.java:51) ~[httpclient5-5.5.2.jar:5.5.2]
	at org.apache.hc.client5.http.impl.classic.RedirectExec.execute(RedirectExec.java:110) ~[httpclient5-5.5.2.jar:5.5.2]
	at org.apache.hc.client5.http.impl.classic.ExecChainElement.execute(ExecChainElement.java:51) ~[httpclient5-5.5.2.jar:5.5.2]
	at org.apache.hc.client5.http.impl.classic.InternalHttpClient.doExecute(InternalHttpClient.java:185) ~[httpclient5-5.5.2.jar:5.5.2]
	at org.apache.hc.client5.http.impl.classic.CloseableHttpClient.execute(CloseableHttpClient.java:87) ~[httpclient5-5.5.2.jar:5.5.2]
	at org.apache.hc.client5.http.impl.classic.CloseableHttpClient.execute(CloseableHttpClient.java:55) ~[httpclient5-5.5.2.jar:5.5.2]
	at org.apache.hc.client5.http.classic.HttpClient.executeOpen(HttpClient.java:183) ~[httpclient5-5.5.2.jar:5.5.2]
	at org.springframework.http.client.HttpComponentsClientHttpRequest.executeInternal(HttpComponentsClientHttpRequest.java:99) ~[spring-web-7.0.8.jar:7.0.8]
	at org.springframework.http.client.AbstractStreamingClientHttpRequest.executeInternal(AbstractStreamingClientHttpRequest.java:87) ~[spring-web-7.0.8.jar:7.0.8]
	at org.springframework.http.client.AbstractClientHttpRequest.execute(AbstractClientHttpRequest.java:80) ~[spring-web-7.0.8.jar:7.0.8]
	at org.springframework.http.client.AbstractBufferingClientHttpRequest.executeWithRequestAndBody(AbstractBufferingClientHttpRequest.java:89) ~[spring-web-7.0.8.jar:7.0.8]
	at org.springframework.http.client.InterceptingClientHttpRequest$EndOfChainRequestExecution.execute(InterceptingClientHttpRequest.java:102) ~[spring-web-7.0.8.jar:7.0.8]
	at org.springframework.cloud.netflix.eureka.http.RestClientTransportClientFactory.lambda$newClient$2(RestClientTransportClientFactory.java:98) ~[spring-cloud-netflix-eureka-client-5.0.2.jar:5.0.2]
	at org.springframework.http.client.ClientHttpRequestInterceptor.lambda$apply$0(ClientHttpRequestInterceptor.java:89) ~[spring-web-7.0.8.jar:7.0.8]
	at org.springframework.http.client.InterceptingClientHttpRequest.executeInternal(InterceptingClientHttpRequest.java:73) ~[spring-web-7.0.8.jar:7.0.8]
	at org.springframework.http.client.AbstractBufferingClientHttpRequest.executeInternal(AbstractBufferingClientHttpRequest.java:50) ~[spring-web-7.0.8.jar:7.0.8]
	at org.springframework.http.client.AbstractClientHttpRequest.execute(AbstractClientHttpRequest.java:80) ~[spring-web-7.0.8.jar:7.0.8]
	at org.springframework.web.client.DefaultRestClient$DefaultRequestBodyUriSpec.exchangeInternal(DefaultRestClient.java:614) ~[spring-web-7.0.8.jar:7.0.8]
	... 23 common frames omitted

2026-07-04T11:30:03.009+05:30  WARN 8436 --- [notification-service] [beatExecutor-%d] c.n.d.s.t.d.RetryableEurekaHttpClient    : Request execution failed with message: I/O error on PUT request for "http://localhost:8761/eureka/apps/NOTIFICATION-SERVICE/10.10.3.10:notification-service:8083": Connect to http://localhost:8761 failed: Connection refused
2026-07-04T11:30:03.009+05:30 ERROR 8436 --- [notification-service] [beatExecutor-%d] com.netflix.discovery.DiscoveryClient    : DiscoveryClient_NOTIFICATION-SERVICE/10.10.3.10:notification-service:8083 - was unable to send heartbeat!

com.netflix.discovery.shared.transport.TransportException: Cannot execute request on any known server
	at com.netflix.discovery.shared.transport.decorator.RetryableEurekaHttpClient.execute(RetryableEurekaHttpClient.java:112) ~[eureka-client-2.0.6.jar:2.0.6]
	at com.netflix.discovery.shared.transport.decorator.EurekaHttpClientDecorator.sendHeartBeat(EurekaHttpClientDecorator.java:89) ~[eureka-client-2.0.6.jar:2.0.6]
	at com.netflix.discovery.shared.transport.decorator.EurekaHttpClientDecorator$3.execute(EurekaHttpClientDecorator.java:92) ~[eureka-client-2.0.6.jar:2.0.6]
	at com.netflix.discovery.shared.transport.decorator.SessionedEurekaHttpClient.execute(SessionedEurekaHttpClient.java:76) ~[eureka-client-2.0.6.jar:2.0.6]
	at com.netflix.discovery.shared.transport.decorator.EurekaHttpClientDecorator.sendHeartBeat(EurekaHttpClientDecorator.java:89) ~[eureka-client-2.0.6.jar:2.0.6]
	at com.netflix.discovery.DiscoveryClient.renew(DiscoveryClient.java:860) ~[eureka-client-2.0.6.jar:2.0.6]
	at com.netflix.discovery.DiscoveryClient$HeartbeatThread.run(DiscoveryClient.java:1418) ~[eureka-client-2.0.6.jar:2.0.6]
	at java.base/java.util.concurrent.Executors$RunnableAdapter.call(Executors.java:539) ~[na:na]
	at java.base/java.util.concurrent.FutureTask.run(FutureTask.java:264) ~[na:na]
	at java.base/java.util.concurrent.ThreadPoolExecutor.runWorker(ThreadPoolExecutor.java:1136) ~[na:na]
	at java.base/java.util.concurrent.ThreadPoolExecutor$Worker.run(ThreadPoolExecutor.java:635) ~[na:na]
	at java.base/java.lang.Thread.run(Thread.java:840) ~[na:na]

2026-07-04T11:30:03.028+05:30  INFO 8436 --- [notification-service] [reshExecutor-%d] c.n.d.s.t.d.RedirectingEurekaHttpClient  : Request execution error. endpoint=DefaultEndpoint{ serviceUrl='http://localhost:8761/eureka/} exception=I/O error on GET request for "http://localhost:8761/eureka/apps/delta": Connect to http://localhost:8761 failed: Connection refused

org.springframework.web.client.ResourceAccessException: I/O error on GET request for "http://localhost:8761/eureka/apps/delta": Connect to http://localhost:8761 failed: Connection refused
	at org.springframework.web.client.DefaultRestClient$DefaultRequestBodyUriSpec.createResourceAccessException(DefaultRestClient.java:779) ~[spring-web-7.0.8.jar:7.0.8]
	at org.springframework.web.client.DefaultRestClient$DefaultRequestBodyUriSpec.exchangeInternal(DefaultRestClient.java:624) ~[spring-web-7.0.8.jar:7.0.8]
	at org.springframework.web.client.DefaultRestClient$DefaultRequestBodyUriSpec.exchange(DefaultRestClient.java:572) ~[spring-web-7.0.8.jar:7.0.8]
	at org.springframework.web.client.RestClient$RequestHeadersSpec.exchange(RestClient.java:747) ~[spring-web-7.0.8.jar:7.0.8]
	at org.springframework.web.client.DefaultRestClient$DefaultResponseSpec.executeAndExtract(DefaultRestClient.java:924) ~[spring-web-7.0.8.jar:7.0.8]
	at org.springframework.web.client.DefaultRestClient$DefaultResponseSpec.toEntityInternal(DefaultRestClient.java:870) ~[spring-web-7.0.8.jar:7.0.8]
	at org.springframework.web.client.DefaultRestClient$DefaultResponseSpec.toEntity(DefaultRestClient.java:859) ~[spring-web-7.0.8.jar:7.0.8]
	at org.springframework.cloud.netflix.eureka.http.RestClientEurekaHttpClient.getApplicationsInternal(RestClientEurekaHttpClient.java:201) ~[spring-cloud-netflix-eureka-client-5.0.2.jar:5.0.2]
	at org.springframework.cloud.netflix.eureka.http.RestClientEurekaHttpClient.getDelta(RestClientEurekaHttpClient.java:142) ~[spring-cloud-netflix-eureka-client-5.0.2.jar:5.0.2]
	at com.netflix.discovery.shared.transport.decorator.EurekaHttpClientDecorator$7.execute(EurekaHttpClientDecorator.java:152) ~[eureka-client-2.0.6.jar:2.0.6]
	at com.netflix.discovery.shared.transport.decorator.RedirectingEurekaHttpClient.execute(RedirectingEurekaHttpClient.java:90) ~[eureka-client-2.0.6.jar:2.0.6]
	at com.netflix.discovery.shared.transport.decorator.EurekaHttpClientDecorator.getDelta(EurekaHttpClientDecorator.java:149) ~[eureka-client-2.0.6.jar:2.0.6]
	at com.netflix.discovery.shared.transport.decorator.EurekaHttpClientDecorator$7.execute(EurekaHttpClientDecorator.java:152) ~[eureka-client-2.0.6.jar:2.0.6]
	at com.netflix.discovery.shared.transport.decorator.RetryableEurekaHttpClient.execute(RetryableEurekaHttpClient.java:120) ~[eureka-client-2.0.6.jar:2.0.6]
	at com.netflix.discovery.shared.transport.decorator.EurekaHttpClientDecorator.getDelta(EurekaHttpClientDecorator.java:149) ~[eureka-client-2.0.6.jar:2.0.6]
	at com.netflix.discovery.shared.transport.decorator.EurekaHttpClientDecorator$7.execute(EurekaHttpClientDecorator.java:152) ~[eureka-client-2.0.6.jar:2.0.6]
	at com.netflix.discovery.shared.transport.decorator.SessionedEurekaHttpClient.execute(SessionedEurekaHttpClient.java:76) ~[eureka-client-2.0.6.jar:2.0.6]
	at com.netflix.discovery.shared.transport.decorator.EurekaHttpClientDecorator.getDelta(EurekaHttpClientDecorator.java:149) ~[eureka-client-2.0.6.jar:2.0.6]
	at com.netflix.discovery.DiscoveryClient.getAndUpdateDelta(DiscoveryClient.java:1095) ~[eureka-client-2.0.6.jar:2.0.6]
	at com.netflix.discovery.DiscoveryClient.fetchRegistry(DiscoveryClient.java:978) ~[eureka-client-2.0.6.jar:2.0.6]
	at com.netflix.discovery.DiscoveryClient.refreshRegistry(DiscoveryClient.java:1489) ~[eureka-client-2.0.6.jar:2.0.6]
	at com.netflix.discovery.DiscoveryClient$CacheRefreshThread.run(DiscoveryClient.java:1457) ~[eureka-client-2.0.6.jar:2.0.6]
	at java.base/java.util.concurrent.Executors$RunnableAdapter.call(Executors.java:539) ~[na:na]
	at java.base/java.util.concurrent.FutureTask.run(FutureTask.java:264) ~[na:na]
	at java.base/java.util.concurrent.ThreadPoolExecutor.runWorker(ThreadPoolExecutor.java:1136) ~[na:na]
	at java.base/java.util.concurrent.ThreadPoolExecutor$Worker.run(ThreadPoolExecutor.java:635) ~[na:na]
	at java.base/java.lang.Thread.run(Thread.java:840) ~[na:na]
Caused by: org.apache.hc.client5.http.HttpHostConnectException: Connect to http://localhost:8761 failed: Connection refused
	at java.base/sun.nio.ch.Net.pollConnect(Native Method) ~[na:na]
	at java.base/sun.nio.ch.Net.pollConnectNow(Net.java:684) ~[na:na]
	at java.base/sun.nio.ch.NioSocketImpl.timedFinishConnect(NioSocketImpl.java:547) ~[na:na]
	at java.base/sun.nio.ch.NioSocketImpl.connect(NioSocketImpl.java:602) ~[na:na]
	at java.base/java.net.SocksSocketImpl.connect(SocksSocketImpl.java:327) ~[na:na]
	at java.base/java.net.Socket.connect(Socket.java:633) ~[na:na]
	at org.apache.hc.client5.http.impl.io.DefaultHttpClientConnectionOperator.connect(DefaultHttpClientConnectionOperator.java:226) ~[httpclient5-5.5.2.jar:5.5.2]
	at org.apache.hc.client5.http.impl.io.PoolingHttpClientConnectionManager.connect(PoolingHttpClientConnectionManager.java:497) ~[httpclient5-5.5.2.jar:5.5.2]
	at org.apache.hc.client5.http.impl.classic.InternalExecRuntime.connectEndpoint(InternalExecRuntime.java:164) ~[httpclient5-5.5.2.jar:5.5.2]
	at org.apache.hc.client5.http.impl.classic.InternalExecRuntime.connectEndpoint(InternalExecRuntime.java:174) ~[httpclient5-5.5.2.jar:5.5.2]
	at org.apache.hc.client5.http.impl.classic.ConnectExec.execute(ConnectExec.java:144) ~[httpclient5-5.5.2.jar:5.5.2]
	at org.apache.hc.client5.http.impl.classic.ExecChainElement.execute(ExecChainElement.java:51) ~[httpclient5-5.5.2.jar:5.5.2]
	at org.apache.hc.client5.http.impl.classic.ProtocolExec.execute(ProtocolExec.java:195) ~[httpclient5-5.5.2.jar:5.5.2]
	at org.apache.hc.client5.http.impl.classic.ExecChainElement.execute(ExecChainElement.java:51) ~[httpclient5-5.5.2.jar:5.5.2]
	at org.apache.hc.client5.http.impl.classic.ContentCompressionExec.execute(ContentCompressionExec.java:168) ~[httpclient5-5.5.2.jar:5.5.2]
	at org.apache.hc.client5.http.impl.classic.ExecChainElement.execute(ExecChainElement.java:51) ~[httpclient5-5.5.2.jar:5.5.2]
	at org.apache.hc.client5.http.impl.classic.HttpRequestRetryExec.execute(HttpRequestRetryExec.java:112) ~[httpclient5-5.5.2.jar:5.5.2]
	at org.apache.hc.client5.http.impl.classic.ExecChainElement.execute(ExecChainElement.java:51) ~[httpclient5-5.5.2.jar:5.5.2]
	at org.apache.hc.client5.http.impl.classic.RedirectExec.execute(RedirectExec.java:110) ~[httpclient5-5.5.2.jar:5.5.2]
	at org.apache.hc.client5.http.impl.classic.ExecChainElement.execute(ExecChainElement.java:51) ~[httpclient5-5.5.2.jar:5.5.2]
	at org.apache.hc.client5.http.impl.classic.InternalHttpClient.doExecute(InternalHttpClient.java:185) ~[httpclient5-5.5.2.jar:5.5.2]
	at org.apache.hc.client5.http.impl.classic.CloseableHttpClient.execute(CloseableHttpClient.java:87) ~[httpclient5-5.5.2.jar:5.5.2]
	at org.apache.hc.client5.http.impl.classic.CloseableHttpClient.execute(CloseableHttpClient.java:55) ~[httpclient5-5.5.2.jar:5.5.2]
	at org.apache.hc.client5.http.classic.HttpClient.executeOpen(HttpClient.java:183) ~[httpclient5-5.5.2.jar:5.5.2]
	at org.springframework.http.client.HttpComponentsClientHttpRequest.executeInternal(HttpComponentsClientHttpRequest.java:99) ~[spring-web-7.0.8.jar:7.0.8]
	at org.springframework.http.client.AbstractStreamingClientHttpRequest.executeInternal(AbstractStreamingClientHttpRequest.java:87) ~[spring-web-7.0.8.jar:7.0.8]
	at org.springframework.http.client.AbstractClientHttpRequest.execute(AbstractClientHttpRequest.java:80) ~[spring-web-7.0.8.jar:7.0.8]
	at org.springframework.http.client.AbstractBufferingClientHttpRequest.executeWithRequestAndBody(AbstractBufferingClientHttpRequest.java:89) ~[spring-web-7.0.8.jar:7.0.8]
	at org.springframework.http.client.InterceptingClientHttpRequest$EndOfChainRequestExecution.execute(InterceptingClientHttpRequest.java:102) ~[spring-web-7.0.8.jar:7.0.8]
	at org.springframework.cloud.netflix.eureka.http.RestClientTransportClientFactory.lambda$newClient$2(RestClientTransportClientFactory.java:98) ~[spring-cloud-netflix-eureka-client-5.0.2.jar:5.0.2]
	at org.springframework.http.client.ClientHttpRequestInterceptor.lambda$apply$0(ClientHttpRequestInterceptor.java:89) ~[spring-web-7.0.8.jar:7.0.8]
	at org.springframework.http.client.InterceptingClientHttpRequest.executeInternal(InterceptingClientHttpRequest.java:73) ~[spring-web-7.0.8.jar:7.0.8]
	at org.springframework.http.client.AbstractBufferingClientHttpRequest.executeInternal(AbstractBufferingClientHttpRequest.java:50) ~[spring-web-7.0.8.jar:7.0.8]
	at org.springframework.http.client.AbstractClientHttpRequest.execute(AbstractClientHttpRequest.java:80) ~[spring-web-7.0.8.jar:7.0.8]
	at org.springframework.web.client.DefaultRestClient$DefaultRequestBodyUriSpec.exchangeInternal(DefaultRestClient.java:614) ~[spring-web-7.0.8.jar:7.0.8]
	... 25 common frames omitted

2026-07-04T11:30:03.030+05:30  WARN 8436 --- [notification-service] [reshExecutor-%d] c.n.d.s.t.d.RetryableEurekaHttpClient    : Request execution failed with message: I/O error on GET request for "http://localhost:8761/eureka/apps/delta": Connect to http://localhost:8761 failed: Connection refused
2026-07-04T11:30:03.037+05:30  INFO 8436 --- [notification-service] [reshExecutor-%d] c.n.d.s.t.d.RedirectingEurekaHttpClient  : Request execution error. endpoint=DefaultEndpoint{ serviceUrl='http://localhost:8761/eureka/}, exception=I/O error on GET request for "http://localhost:8761/eureka/apps/delta": Connect to http://localhost:8761 failed: Connection refused

org.springframework.web.client.ResourceAccessException: I/O error on GET request for "http://localhost:8761/eureka/apps/delta": Connect to http://localhost:8761 failed: Connection refused
	at org.springframework.web.client.DefaultRestClient$DefaultRequestBodyUriSpec.createResourceAccessException(DefaultRestClient.java:779) ~[spring-web-7.0.8.jar:7.0.8]
	at org.springframework.web.client.DefaultRestClient$DefaultRequestBodyUriSpec.exchangeInternal(DefaultRestClient.java:624) ~[spring-web-7.0.8.jar:7.0.8]
	at org.springframework.web.client.DefaultRestClient$DefaultRequestBodyUriSpec.exchange(DefaultRestClient.java:572) ~[spring-web-7.0.8.jar:7.0.8]
	at org.springframework.web.client.RestClient$RequestHeadersSpec.exchange(RestClient.java:747) ~[spring-web-7.0.8.jar:7.0.8]
	at org.springframework.web.client.DefaultRestClient$DefaultResponseSpec.executeAndExtract(DefaultRestClient.java:924) ~[spring-web-7.0.8.jar:7.0.8]
	at org.springframework.web.client.DefaultRestClient$DefaultResponseSpec.toEntityInternal(DefaultRestClient.java:870) ~[spring-web-7.0.8.jar:7.0.8]
	at org.springframework.web.client.DefaultRestClient$DefaultResponseSpec.toEntity(DefaultRestClient.java:859) ~[spring-web-7.0.8.jar:7.0.8]
	at org.springframework.cloud.netflix.eureka.http.RestClientEurekaHttpClient.getApplicationsInternal(RestClientEurekaHttpClient.java:201) ~[spring-cloud-netflix-eureka-client-5.0.2.jar:5.0.2]
	at org.springframework.cloud.netflix.eureka.http.RestClientEurekaHttpClient.getDelta(RestClientEurekaHttpClient.java:142) ~[spring-cloud-netflix-eureka-client-5.0.2.jar:5.0.2]
	at com.netflix.discovery.shared.transport.decorator.EurekaHttpClientDecorator$7.execute(EurekaHttpClientDecorator.java:152) ~[eureka-client-2.0.6.jar:2.0.6]
	at com.netflix.discovery.shared.transport.decorator.RedirectingEurekaHttpClient.executeOnNewServer(RedirectingEurekaHttpClient.java:120) ~[eureka-client-2.0.6.jar:2.0.6]
	at com.netflix.discovery.shared.transport.decorator.RedirectingEurekaHttpClient.execute(RedirectingEurekaHttpClient.java:79) ~[eureka-client-2.0.6.jar:2.0.6]
	at com.netflix.discovery.shared.transport.decorator.EurekaHttpClientDecorator.getDelta(EurekaHttpClientDecorator.java:149) ~[eureka-client-2.0.6.jar:2.0.6]
	at com.netflix.discovery.shared.transport.decorator.EurekaHttpClientDecorator$7.execute(EurekaHttpClientDecorator.java:152) ~[eureka-client-2.0.6.jar:2.0.6]
	at com.netflix.discovery.shared.transport.decorator.RetryableEurekaHttpClient.execute(RetryableEurekaHttpClient.java:120) ~[eureka-client-2.0.6.jar:2.0.6]
	at com.netflix.discovery.shared.transport.decorator.EurekaHttpClientDecorator.getDelta(EurekaHttpClientDecorator.java:149) ~[eureka-client-2.0.6.jar:2.0.6]
	at com.netflix.discovery.shared.transport.decorator.EurekaHttpClientDecorator$7.execute(EurekaHttpClientDecorator.java:152) ~[eureka-client-2.0.6.jar:2.0.6]
	at com.netflix.discovery.shared.transport.decorator.SessionedEurekaHttpClient.execute(SessionedEurekaHttpClient.java:76) ~[eureka-client-2.0.6.jar:2.0.6]
	at com.netflix.discovery.shared.transport.decorator.EurekaHttpClientDecorator.getDelta(EurekaHttpClientDecorator.java:149) ~[eureka-client-2.0.6.jar:2.0.6]
	at com.netflix.discovery.DiscoveryClient.getAndUpdateDelta(DiscoveryClient.java:1095) ~[eureka-client-2.0.6.jar:2.0.6]
	at com.netflix.discovery.DiscoveryClient.fetchRegistry(DiscoveryClient.java:978) ~[eureka-client-2.0.6.jar:2.0.6]
	at com.netflix.discovery.DiscoveryClient.refreshRegistry(DiscoveryClient.java:1489) ~[eureka-client-2.0.6.jar:2.0.6]
	at com.netflix.discovery.DiscoveryClient$CacheRefreshThread.run(DiscoveryClient.java:1457) ~[eureka-client-2.0.6.jar:2.0.6]
	at java.base/java.util.concurrent.Executors$RunnableAdapter.call(Executors.java:539) ~[na:na]
	at java.base/java.util.concurrent.FutureTask.run(FutureTask.java:264) ~[na:na]
	at java.base/java.util.concurrent.ThreadPoolExecutor.runWorker(ThreadPoolExecutor.java:1136) ~[na:na]
	at java.base/java.util.concurrent.ThreadPoolExecutor$Worker.run(ThreadPoolExecutor.java:635) ~[na:na]
	at java.base/java.lang.Thread.run(Thread.java:840) ~[na:na]
Caused by: org.apache.hc.client5.http.HttpHostConnectException: Connect to http://localhost:8761 failed: Connection refused
	at java.base/sun.nio.ch.Net.pollConnect(Native Method) ~[na:na]
	at java.base/sun.nio.ch.Net.pollConnectNow(Net.java:684) ~[na:na]
	at java.base/sun.nio.ch.NioSocketImpl.timedFinishConnect(NioSocketImpl.java:547) ~[na:na]
	at java.base/sun.nio.ch.NioSocketImpl.connect(NioSocketImpl.java:602) ~[na:na]
	at java.base/java.net.SocksSocketImpl.connect(SocksSocketImpl.java:327) ~[na:na]
	at java.base/java.net.Socket.connect(Socket.java:633) ~[na:na]
	at org.apache.hc.client5.http.impl.io.DefaultHttpClientConnectionOperator.connect(DefaultHttpClientConnectionOperator.java:226) ~[httpclient5-5.5.2.jar:5.5.2]
	at org.apache.hc.client5.http.impl.io.PoolingHttpClientConnectionManager.connect(PoolingHttpClientConnectionManager.java:497) ~[httpclient5-5.5.2.jar:5.5.2]
	at org.apache.hc.client5.http.impl.classic.InternalExecRuntime.connectEndpoint(InternalExecRuntime.java:164) ~[httpclient5-5.5.2.jar:5.5.2]
	at org.apache.hc.client5.http.impl.classic.InternalExecRuntime.connectEndpoint(InternalExecRuntime.java:174) ~[httpclient5-5.5.2.jar:5.5.2]
	at org.apache.hc.client5.http.impl.classic.ConnectExec.execute(ConnectExec.java:144) ~[httpclient5-5.5.2.jar:5.5.2]
	at org.apache.hc.client5.http.impl.classic.ExecChainElement.execute(ExecChainElement.java:51) ~[httpclient5-5.5.2.jar:5.5.2]
	at org.apache.hc.client5.http.impl.classic.ProtocolExec.execute(ProtocolExec.java:195) ~[httpclient5-5.5.2.jar:5.5.2]
	at org.apache.hc.client5.http.impl.classic.ExecChainElement.execute(ExecChainElement.java:51) ~[httpclient5-5.5.2.jar:5.5.2]
	at org.apache.hc.client5.http.impl.classic.ContentCompressionExec.execute(ContentCompressionExec.java:168) ~[httpclient5-5.5.2.jar:5.5.2]
	at org.apache.hc.client5.http.impl.classic.ExecChainElement.execute(ExecChainElement.java:51) ~[httpclient5-5.5.2.jar:5.5.2]
	at org.apache.hc.client5.http.impl.classic.HttpRequestRetryExec.execute(HttpRequestRetryExec.java:112) ~[httpclient5-5.5.2.jar:5.5.2]
	at org.apache.hc.client5.http.impl.classic.ExecChainElement.execute(ExecChainElement.java:51) ~[httpclient5-5.5.2.jar:5.5.2]
	at org.apache.hc.client5.http.impl.classic.RedirectExec.execute(RedirectExec.java:110) ~[httpclient5-5.5.2.jar:5.5.2]
	at org.apache.hc.client5.http.impl.classic.ExecChainElement.execute(ExecChainElement.java:51) ~[httpclient5-5.5.2.jar:5.5.2]
	at org.apache.hc.client5.http.impl.classic.InternalHttpClient.doExecute(InternalHttpClient.java:185) ~[httpclient5-5.5.2.jar:5.5.2]
	at org.apache.hc.client5.http.impl.classic.CloseableHttpClient.execute(CloseableHttpClient.java:87) ~[httpclient5-5.5.2.jar:5.5.2]
	at org.apache.hc.client5.http.impl.classic.CloseableHttpClient.execute(CloseableHttpClient.java:55) ~[httpclient5-5.5.2.jar:5.5.2]
	at org.apache.hc.client5.http.classic.HttpClient.executeOpen(HttpClient.java:183) ~[httpclient5-5.5.2.jar:5.5.2]
	at org.springframework.http.client.HttpComponentsClientHttpRequest.executeInternal(HttpComponentsClientHttpRequest.java:99) ~[spring-web-7.0.8.jar:7.0.8]
	at org.springframework.http.client.AbstractStreamingClientHttpRequest.executeInternal(AbstractStreamingClientHttpRequest.java:87) ~[spring-web-7.0.8.jar:7.0.8]
	at org.springframework.http.client.AbstractClientHttpRequest.execute(AbstractClientHttpRequest.java:80) ~[spring-web-7.0.8.jar:7.0.8]
	at org.springframework.http.client.AbstractBufferingClientHttpRequest.executeWithRequestAndBody(AbstractBufferingClientHttpRequest.java:89) ~[spring-web-7.0.8.jar:7.0.8]
	at org.springframework.http.client.InterceptingClientHttpRequest$EndOfChainRequestExecution.execute(InterceptingClientHttpRequest.java:102) ~[spring-web-7.0.8.jar:7.0.8]
	at org.springframework.cloud.netflix.eureka.http.RestClientTransportClientFactory.lambda$newClient$2(RestClientTransportClientFactory.java:98) ~[spring-cloud-netflix-eureka-client-5.0.2.jar:5.0.2]
	at org.springframework.http.client.ClientHttpRequestInterceptor.lambda$apply$0(ClientHttpRequestInterceptor.java:89) ~[spring-web-7.0.8.jar:7.0.8]
	at org.springframework.http.client.InterceptingClientHttpRequest.executeInternal(InterceptingClientHttpRequest.java:73) ~[spring-web-7.0.8.jar:7.0.8]
	at org.springframework.http.client.AbstractBufferingClientHttpRequest.executeInternal(AbstractBufferingClientHttpRequest.java:50) ~[spring-web-7.0.8.jar:7.0.8]
	at org.springframework.http.client.AbstractClientHttpRequest.execute(AbstractClientHttpRequest.java:80) ~[spring-web-7.0.8.jar:7.0.8]
	at org.springframework.web.client.DefaultRestClient$DefaultRequestBodyUriSpec.exchangeInternal(DefaultRestClient.java:614) ~[spring-web-7.0.8.jar:7.0.8]
	... 26 common frames omitted

2026-07-04T11:30:03.048+05:30  WARN 8436 --- [notification-service] [reshExecutor-%d] c.n.d.s.t.d.RetryableEurekaHttpClient    : Request execution failed with message: I/O error on GET request for "http://localhost:8761/eureka/apps/delta": Connect to http://localhost:8761 failed: Connection refused
2026-07-04T11:30:03.048+05:30  INFO 8436 --- [notification-service] [reshExecutor-%d] com.netflix.discovery.DiscoveryClient    : DiscoveryClient_NOTIFICATION-SERVICE/10.10.3.10:notification-service:8083 - was unable to refresh its cache! This periodic background refresh will be retried in 30 seconds. status = Cannot execute request on any known server

com.netflix.discovery.shared.transport.TransportException: Cannot execute request on any known server
	at com.netflix.discovery.shared.transport.decorator.RetryableEurekaHttpClient.execute(RetryableEurekaHttpClient.java:112) ~[eureka-client-2.0.6.jar:2.0.6]
	at com.netflix.discovery.shared.transport.decorator.EurekaHttpClientDecorator.getDelta(EurekaHttpClientDecorator.java:149) ~[eureka-client-2.0.6.jar:2.0.6]
	at com.netflix.discovery.shared.transport.decorator.EurekaHttpClientDecorator$7.execute(EurekaHttpClientDecorator.java:152) ~[eureka-client-2.0.6.jar:2.0.6]
	at com.netflix.discovery.shared.transport.decorator.SessionedEurekaHttpClient.execute(SessionedEurekaHttpClient.java:76) ~[eureka-client-2.0.6.jar:2.0.6]
	at com.netflix.discovery.shared.transport.decorator.EurekaHttpClientDecorator.getDelta(EurekaHttpClientDecorator.java:149) ~[eureka-client-2.0.6.jar:2.0.6]
	at com.netflix.discovery.DiscoveryClient.getAndUpdateDelta(DiscoveryClient.java:1095) ~[eureka-client-2.0.6.jar:2.0.6]
	at com.netflix.discovery.DiscoveryClient.fetchRegistry(DiscoveryClient.java:978) ~[eureka-client-2.0.6.jar:2.0.6]
	at com.netflix.discovery.DiscoveryClient.refreshRegistry(DiscoveryClient.java:1489) ~[eureka-client-2.0.6.jar:2.0.6]
	at com.netflix.discovery.DiscoveryClient$CacheRefreshThread.run(DiscoveryClient.java:1457) ~[eureka-client-2.0.6.jar:2.0.6]
	at java.base/java.util.concurrent.Executors$RunnableAdapter.call(Executors.java:539) ~[na:na]
	at java.base/java.util.concurrent.FutureTask.run(FutureTask.java:264) ~[na:na]
	at java.base/java.util.concurrent.ThreadPoolExecutor.runWorker(ThreadPoolExecutor.java:1136) ~[na:na]
	at java.base/java.util.concurrent.ThreadPoolExecutor$Worker.run(ThreadPoolExecutor.java:635) ~[na:na]
	at java.base/java.lang.Thread.run(Thread.java:840) ~[na:na]

2026-07-04T11:30:04.081+05:30  INFO 8436 --- [notification-service] [ionShutdownHook] com.netflix.discovery.DiscoveryClient    : Unregistering ...
2026-07-04T11:30:04.093+05:30  INFO 8436 --- [notification-service] [ionShutdownHook] c.n.d.s.t.d.RedirectingEurekaHttpClient  : Request execution error. endpoint=DefaultEndpoint{ serviceUrl='http://localhost:8761/eureka/}, exception=I/O error on DELETE request for "http://localhost:8761/eureka/apps/NOTIFICATION-SERVICE/10.10.3.10:notification-service:8083": Connect to http://localhost:8761 failed: Connection refused

org.springframework.web.client.ResourceAccessException: I/O error on DELETE request for "http://localhost:8761/eureka/apps/NOTIFICATION-SERVICE/10.10.3.10:notification-service:8083": Connect to http://localhost:8761 failed: Connection refused
	at org.springframework.web.client.DefaultRestClient$DefaultRequestBodyUriSpec.createResourceAccessException(DefaultRestClient.java:779) ~[spring-web-7.0.8.jar:7.0.8]
	at org.springframework.web.client.DefaultRestClient$DefaultRequestBodyUriSpec.exchangeInternal(DefaultRestClient.java:624) ~[spring-web-7.0.8.jar:7.0.8]
	at org.springframework.web.client.DefaultRestClient$DefaultRequestBodyUriSpec.exchange(DefaultRestClient.java:572) ~[spring-web-7.0.8.jar:7.0.8]
	at org.springframework.web.client.RestClient$RequestHeadersSpec.exchange(RestClient.java:747) ~[spring-web-7.0.8.jar:7.0.8]
	at org.springframework.web.client.DefaultRestClient$DefaultResponseSpec.executeAndExtract(DefaultRestClient.java:924) ~[spring-web-7.0.8.jar:7.0.8]
	at org.springframework.web.client.DefaultRestClient$DefaultResponseSpec.toBodilessEntity(DefaultRestClient.java:888) ~[spring-web-7.0.8.jar:7.0.8]
	at org.springframework.cloud.netflix.eureka.http.RestClientEurekaHttpClient.cancel(RestClientEurekaHttpClient.java:73) ~[spring-cloud-netflix-eureka-client-5.0.2.jar:5.0.2]
	at com.netflix.discovery.shared.transport.decorator.EurekaHttpClientDecorator$2.execute(EurekaHttpClientDecorator.java:74) ~[eureka-client-2.0.6.jar:2.0.6]
	at com.netflix.discovery.shared.transport.decorator.RedirectingEurekaHttpClient.executeOnNewServer(RedirectingEurekaHttpClient.java:120) ~[eureka-client-2.0.6.jar:2.0.6]
	at com.netflix.discovery.shared.transport.decorator.RedirectingEurekaHttpClient.execute(RedirectingEurekaHttpClient.java:79) ~[eureka-client-2.0.6.jar:2.0.6]
	at com.netflix.discovery.shared.transport.decorator.EurekaHttpClientDecorator.cancel(EurekaHttpClientDecorator.java:71) ~[eureka-client-2.0.6.jar:2.0.6]
	at com.netflix.discovery.shared.transport.decorator.EurekaHttpClientDecorator$2.execute(EurekaHttpClientDecorator.java:74) ~[eureka-client-2.0.6.jar:2.0.6]
	at com.netflix.discovery.shared.transport.decorator.RetryableEurekaHttpClient.execute(RetryableEurekaHttpClient.java:120) ~[eureka-client-2.0.6.jar:2.0.6]
	at com.netflix.discovery.shared.transport.decorator.EurekaHttpClientDecorator.cancel(EurekaHttpClientDecorator.java:71) ~[eureka-client-2.0.6.jar:2.0.6]
	at com.netflix.discovery.shared.transport.decorator.EurekaHttpClientDecorator$2.execute(EurekaHttpClientDecorator.java:74) ~[eureka-client-2.0.6.jar:2.0.6]
	at com.netflix.discovery.shared.transport.decorator.SessionedEurekaHttpClient.execute(SessionedEurekaHttpClient.java:76) ~[eureka-client-2.0.6.jar:2.0.6]
	at com.netflix.discovery.shared.transport.decorator.EurekaHttpClientDecorator.cancel(EurekaHttpClientDecorator.java:71) ~[eureka-client-2.0.6.jar:2.0.6]
	at com.netflix.discovery.DiscoveryClient.unregister(DiscoveryClient.java:934) ~[eureka-client-2.0.6.jar:2.0.6]
	at com.netflix.discovery.DiscoveryClient.shutdown(DiscoveryClient.java:915) ~[eureka-client-2.0.6.jar:2.0.6]
	at java.base/jdk.internal.reflect.NativeMethodAccessorImpl.invoke0(Native Method) ~[na:na]
	at java.base/jdk.internal.reflect.NativeMethodAccessorImpl.invoke(NativeMethodAccessorImpl.java:77) ~[na:na]
	at java.base/jdk.internal.reflect.DelegatingMethodAccessorImpl.invoke(DelegatingMethodAccessorImpl.java:43) ~[na:na]
	at java.base/java.lang.reflect.Method.invoke(Method.java:569) ~[na:na]
	at org.springframework.beans.factory.annotation.InitDestroyAnnotationBeanPostProcessor$LifecycleMethod.invoke(InitDestroyAnnotationBeanPostProcessor.java:453) ~[spring-beans-7.0.8.jar:7.0.8]
	at org.springframework.beans.factory.annotation.InitDestroyAnnotationBeanPostProcessor$LifecycleMetadata.invokeDestroyMethods(InitDestroyAnnotationBeanPostProcessor.java:411) ~[spring-beans-7.0.8.jar:7.0.8]
	at org.springframework.beans.factory.annotation.InitDestroyAnnotationBeanPostProcessor.postProcessBeforeDestruction(InitDestroyAnnotationBeanPostProcessor.java:237) ~[spring-beans-7.0.8.jar:7.0.8]
	at org.springframework.beans.factory.support.DisposableBeanAdapter.destroy(DisposableBeanAdapter.java:200) ~[spring-beans-7.0.8.jar:7.0.8]
	at org.springframework.beans.factory.support.DisposableBeanAdapter.run(DisposableBeanAdapter.java:193) ~[spring-beans-7.0.8.jar:7.0.8]
	at org.springframework.cloud.context.scope.GenericScope$BeanLifecycleWrapper.destroy(GenericScope.java:387) ~[spring-cloud-context-5.0.2.jar:5.0.2]
	at org.springframework.cloud.context.scope.GenericScope.destroy(GenericScope.java:134) ~[spring-cloud-context-5.0.2.jar:5.0.2]
	at org.springframework.beans.factory.support.DisposableBeanAdapter.destroy(DisposableBeanAdapter.java:209) ~[spring-beans-7.0.8.jar:7.0.8]
	at org.springframework.beans.factory.support.DefaultSingletonBeanRegistry.destroyBean(DefaultSingletonBeanRegistry.java:795) ~[spring-beans-7.0.8.jar:7.0.8]
	at org.springframework.beans.factory.support.DefaultSingletonBeanRegistry.destroySingleton(DefaultSingletonBeanRegistry.java:745) ~[spring-beans-7.0.8.jar:7.0.8]
	at org.springframework.beans.factory.support.DefaultListableBeanFactory.destroySingleton(DefaultListableBeanFactory.java:1507) ~[spring-beans-7.0.8.jar:7.0.8]
	at org.springframework.beans.factory.support.DefaultSingletonBeanRegistry.destroySingletons(DefaultSingletonBeanRegistry.java:704) ~[spring-beans-7.0.8.jar:7.0.8]
	at org.springframework.beans.factory.support.DefaultListableBeanFactory.destroySingletons(DefaultListableBeanFactory.java:1500) ~[spring-beans-7.0.8.jar:7.0.8]
	at org.springframework.context.support.AbstractApplicationContext.destroyBeans(AbstractApplicationContext.java:1246) ~[spring-context-7.0.8.jar:7.0.8]
	at org.springframework.context.support.AbstractApplicationContext.doClose(AbstractApplicationContext.java:1207) ~[spring-context-7.0.8.jar:7.0.8]
	at org.springframework.boot.web.server.servlet.context.ServletWebServerApplicationContext.doClose(ServletWebServerApplicationContext.java:176) ~[spring-boot-web-server-4.0.7.jar:4.0.7]
	at org.springframework.context.support.AbstractApplicationContext.close(AbstractApplicationContext.java:1153) ~[spring-context-7.0.8.jar:7.0.8]
	at org.springframework.boot.SpringApplicationShutdownHook.closeAndWait(SpringApplicationShutdownHook.java:147) ~[spring-boot-4.0.7.jar:4.0.7]
	at java.base/java.lang.Iterable.forEach(Iterable.java:75) ~[na:na]
	at org.springframework.boot.SpringApplicationShutdownHook.run(SpringApplicationShutdownHook.java:116) ~[spring-boot-4.0.7.jar:4.0.7]
	at java.base/java.lang.Thread.run(Thread.java:840) ~[na:na]
Caused by: org.apache.hc.client5.http.HttpHostConnectException: Connect to http://localhost:8761 failed: Connection refused
	at java.base/sun.nio.ch.Net.pollConnect(Native Method) ~[na:na]
	at java.base/sun.nio.ch.Net.pollConnectNow(Net.java:684) ~[na:na]
	at java.base/sun.nio.ch.NioSocketImpl.timedFinishConnect(NioSocketImpl.java:547) ~[na:na]
	at java.base/sun.nio.ch.NioSocketImpl.connect(NioSocketImpl.java:602) ~[na:na]
	at java.base/java.net.SocksSocketImpl.connect(SocksSocketImpl.java:327) ~[na:na]
	at java.base/java.net.Socket.connect(Socket.java:633) ~[na:na]
	at org.apache.hc.client5.http.impl.io.DefaultHttpClientConnectionOperator.connect(DefaultHttpClientConnectionOperator.java:226) ~[httpclient5-5.5.2.jar:5.5.2]
	at org.apache.hc.client5.http.impl.io.PoolingHttpClientConnectionManager.connect(PoolingHttpClientConnectionManager.java:497) ~[httpclient5-5.5.2.jar:5.5.2]
	at org.apache.hc.client5.http.impl.classic.InternalExecRuntime.connectEndpoint(InternalExecRuntime.java:164) ~[httpclient5-5.5.2.jar:5.5.2]
	at org.apache.hc.client5.http.impl.classic.InternalExecRuntime.connectEndpoint(InternalExecRuntime.java:174) ~[httpclient5-5.5.2.jar:5.5.2]
	at org.apache.hc.client5.http.impl.classic.ConnectExec.execute(ConnectExec.java:144) ~[httpclient5-5.5.2.jar:5.5.2]
	at org.apache.hc.client5.http.impl.classic.ExecChainElement.execute(ExecChainElement.java:51) ~[httpclient5-5.5.2.jar:5.5.2]
	at org.apache.hc.client5.http.impl.classic.ProtocolExec.execute(ProtocolExec.java:195) ~[httpclient5-5.5.2.jar:5.5.2]
	at org.apache.hc.client5.http.impl.classic.ExecChainElement.execute(ExecChainElement.java:51) ~[httpclient5-5.5.2.jar:5.5.2]
	at org.apache.hc.client5.http.impl.classic.ContentCompressionExec.execute(ContentCompressionExec.java:168) ~[httpclient5-5.5.2.jar:5.5.2]
	at org.apache.hc.client5.http.impl.classic.ExecChainElement.execute(ExecChainElement.java:51) ~[httpclient5-5.5.2.jar:5.5.2]
	at org.apache.hc.client5.http.impl.classic.HttpRequestRetryExec.execute(HttpRequestRetryExec.java:112) ~[httpclient5-5.5.2.jar:5.5.2]
	at org.apache.hc.client5.http.impl.classic.ExecChainElement.execute(ExecChainElement.java:51) ~[httpclient5-5.5.2.jar:5.5.2]
	at org.apache.hc.client5.http.impl.classic.RedirectExec.execute(RedirectExec.java:110) ~[httpclient5-5.5.2.jar:5.5.2]
	at org.apache.hc.client5.http.impl.classic.ExecChainElement.execute(ExecChainElement.java:51) ~[httpclient5-5.5.2.jar:5.5.2]
	at org.apache.hc.client5.http.impl.classic.InternalHttpClient.doExecute(InternalHttpClient.java:185) ~[httpclient5-5.5.2.jar:5.5.2]
	at org.apache.hc.client5.http.impl.classic.CloseableHttpClient.execute(CloseableHttpClient.java:87) ~[httpclient5-5.5.2.jar:5.5.2]
	at org.apache.hc.client5.http.impl.classic.CloseableHttpClient.execute(CloseableHttpClient.java:55) ~[httpclient5-5.5.2.jar:5.5.2]
	at org.apache.hc.client5.http.classic.HttpClient.executeOpen(HttpClient.java:183) ~[httpclient5-5.5.2.jar:5.5.2]
	at org.springframework.http.client.HttpComponentsClientHttpRequest.executeInternal(HttpComponentsClientHttpRequest.java:99) ~[spring-web-7.0.8.jar:7.0.8]
	at org.springframework.http.client.AbstractStreamingClientHttpRequest.executeInternal(AbstractStreamingClientHttpRequest.java:87) ~[spring-web-7.0.8.jar:7.0.8]
	at org.springframework.http.client.AbstractClientHttpRequest.execute(AbstractClientHttpRequest.java:80) ~[spring-web-7.0.8.jar:7.0.8]
	at org.springframework.http.client.AbstractBufferingClientHttpRequest.executeWithRequestAndBody(AbstractBufferingClientHttpRequest.java:89) ~[spring-web-7.0.8.jar:7.0.8]
	at org.springframework.http.client.InterceptingClientHttpRequest$EndOfChainRequestExecution.execute(InterceptingClientHttpRequest.java:102) ~[spring-web-7.0.8.jar:7.0.8]
	at org.springframework.cloud.netflix.eureka.http.RestClientTransportClientFactory.lambda$newClient$2(RestClientTransportClientFactory.java:98) ~[spring-cloud-netflix-eureka-client-5.0.2.jar:5.0.2]
	at org.springframework.http.client.ClientHttpRequestInterceptor.lambda$apply$0(ClientHttpRequestInterceptor.java:89) ~[spring-web-7.0.8.jar:7.0.8]
	at org.springframework.http.client.InterceptingClientHttpRequest.executeInternal(InterceptingClientHttpRequest.java:73) ~[spring-web-7.0.8.jar:7.0.8]
	at org.springframework.http.client.AbstractBufferingClientHttpRequest.executeInternal(AbstractBufferingClientHttpRequest.java:50) ~[spring-web-7.0.8.jar:7.0.8]
	at org.springframework.http.client.AbstractClientHttpRequest.execute(AbstractClientHttpRequest.java:80) ~[spring-web-7.0.8.jar:7.0.8]
	at org.springframework.web.client.DefaultRestClient$DefaultRequestBodyUriSpec.exchangeInternal(DefaultRestClient.java:614) ~[spring-web-7.0.8.jar:7.0.8]
	... 42 common frames omitted

2026-07-04T11:30:04.099+05:30  WARN 8436 --- [notification-service] [ionShutdownHook] c.n.d.s.t.d.RetryableEurekaHttpClient    : Request execution failed with message: I/O error on DELETE request for "http://localhost:8761/eureka/apps/NOTIFICATION-SERVICE/10.10.3.10:notification-service:8083": Connect to http://localhost:8761 failed: Connection refused
2026-07-04T11:30:04.099+05:30 ERROR 8436 --- [notification-service] [ionShutdownHook] com.netflix.discovery.DiscoveryClient    : DiscoveryClient_NOTIFICATION-SERVICE/10.10.3.10:notification-service:8083 - de-registration failedCannot execute request on any known server

com.netflix.discovery.shared.transport.TransportException: Cannot execute request on any known server
	at com.netflix.discovery.shared.transport.decorator.RetryableEurekaHttpClient.execute(RetryableEurekaHttpClient.java:112) ~[eureka-client-2.0.6.jar:2.0.6]
	at com.netflix.discovery.shared.transport.decorator.EurekaHttpClientDecorator.cancel(EurekaHttpClientDecorator.java:71) ~[eureka-client-2.0.6.jar:2.0.6]
	at com.netflix.discovery.shared.transport.decorator.EurekaHttpClientDecorator$2.execute(EurekaHttpClientDecorator.java:74) ~[eureka-client-2.0.6.jar:2.0.6]
	at com.netflix.discovery.shared.transport.decorator.SessionedEurekaHttpClient.execute(SessionedEurekaHttpClient.java:76) ~[eureka-client-2.0.6.jar:2.0.6]
	at com.netflix.discovery.shared.transport.decorator.EurekaHttpClientDecorator.cancel(EurekaHttpClientDecorator.java:71) ~[eureka-client-2.0.6.jar:2.0.6]
	at com.netflix.discovery.DiscoveryClient.unregister(DiscoveryClient.java:934) ~[eureka-client-2.0.6.jar:2.0.6]
	at com.netflix.discovery.DiscoveryClient.shutdown(DiscoveryClient.java:915) ~[eureka-client-2.0.6.jar:2.0.6]
	at java.base/jdk.internal.reflect.NativeMethodAccessorImpl.invoke0(Native Method) ~[na:na]
	at java.base/jdk.internal.reflect.NativeMethodAccessorImpl.invoke(NativeMethodAccessorImpl.java:77) ~[na:na]
	at java.base/jdk.internal.reflect.DelegatingMethodAccessorImpl.invoke(DelegatingMethodAccessorImpl.java:43) ~[na:na]
	at java.base/java.lang.reflect.Method.invoke(Method.java:569) ~[na:na]
	at org.springframework.beans.factory.annotation.InitDestroyAnnotationBeanPostProcessor$LifecycleMethod.invoke(InitDestroyAnnotationBeanPostProcessor.java:453) ~[spring-beans-7.0.8.jar:7.0.8]
	at org.springframework.beans.factory.annotation.InitDestroyAnnotationBeanPostProcessor$LifecycleMetadata.invokeDestroyMethods(InitDestroyAnnotationBeanPostProcessor.java:411) ~[spring-beans-7.0.8.jar:7.0.8]
	at org.springframework.beans.factory.annotation.InitDestroyAnnotationBeanPostProcessor.postProcessBeforeDestruction(InitDestroyAnnotationBeanPostProcessor.java:237) ~[spring-beans-7.0.8.jar:7.0.8]
	at org.springframework.beans.factory.support.DisposableBeanAdapter.destroy(DisposableBeanAdapter.java:200) ~[spring-beans-7.0.8.jar:7.0.8]
	at org.springframework.beans.factory.support.DisposableBeanAdapter.run(DisposableBeanAdapter.java:193) ~[spring-beans-7.0.8.jar:7.0.8]
	at org.springframework.cloud.context.scope.GenericScope$BeanLifecycleWrapper.destroy(GenericScope.java:387) ~[spring-cloud-context-5.0.2.jar:5.0.2]
	at org.springframework.cloud.context.scope.GenericScope.destroy(GenericScope.java:134) ~[spring-cloud-context-5.0.2.jar:5.0.2]
	at org.springframework.beans.factory.support.DisposableBeanAdapter.destroy(DisposableBeanAdapter.java:209) ~[spring-beans-7.0.8.jar:7.0.8]
	at org.springframework.beans.factory.support.DefaultSingletonBeanRegistry.destroyBean(DefaultSingletonBeanRegistry.java:795) ~[spring-beans-7.0.8.jar:7.0.8]
	at org.springframework.beans.factory.support.DefaultSingletonBeanRegistry.destroySingleton(DefaultSingletonBeanRegistry.java:745) ~[spring-beans-7.0.8.jar:7.0.8]
	at org.springframework.beans.factory.support.DefaultListableBeanFactory.destroySingleton(DefaultListableBeanFactory.java:1507) ~[spring-beans-7.0.8.jar:7.0.8]
	at org.springframework.beans.factory.support.DefaultSingletonBeanRegistry.destroySingletons(DefaultSingletonBeanRegistry.java:704) ~[spring-beans-7.0.8.jar:7.0.8]
	at org.springframework.beans.factory.support.DefaultListableBeanFactory.destroySingletons(DefaultListableBeanFactory.java:1500) ~[spring-beans-7.0.8.jar:7.0.8]
	at org.springframework.context.support.AbstractApplicationContext.destroyBeans(AbstractApplicationContext.java:1246) ~[spring-context-7.0.8.jar:7.0.8]
	at org.springframework.context.support.AbstractApplicationContext.doClose(AbstractApplicationContext.java:1207) ~[spring-context-7.0.8.jar:7.0.8]
	at org.springframework.boot.web.server.servlet.context.ServletWebServerApplicationContext.doClose(ServletWebServerApplicationContext.java:176) ~[spring-boot-web-server-4.0.7.jar:4.0.7]
	at org.springframework.context.support.AbstractApplicationContext.close(AbstractApplicationContext.java:1153) ~[spring-context-7.0.8.jar:7.0.8]
	at org.springframework.boot.SpringApplicationShutdownHook.closeAndWait(SpringApplicationShutdownHook.java:147) ~[spring-boot-4.0.7.jar:4.0.7]
	at java.base/java.lang.Iterable.forEach(Iterable.java:75) ~[na:na]
	at org.springframework.boot.SpringApplicationShutdownHook.run(SpringApplicationShutdownHook.java:116) ~[spring-boot-4.0.7.jar:4.0.7]
	at java.base/java.lang.Thread.run(Thread.java:840) ~[na:na]

2026-07-04T11:30:04.101+05:30  INFO 8436 --- [notification-service] [ionShutdownHook] com.netflix.discovery.DiscoveryClient    : Completed shut down of DiscoveryClient
[INFO] ------------------------------------------------------------------------
[INFO] BUILD SUCCESS
[INFO] ------------------------------------------------------------------------
[INFO] Total time:  04:39 min
[INFO] Finished at: 2026-07-04T11:30:04+05:30
[INFO] ------------------------------------------------------------------------
