[INFO] Scanning for projects...
[INFO] 
[INFO] ---------------------< com.twitter:tweet-service >----------------------
[INFO] Building  0.0.1-SNAPSHOT
[INFO]   from pom.xml
[INFO] --------------------------------[ jar ]---------------------------------
[INFO] 
[INFO] >>> spring-boot:4.0.7:run (default-cli) > test-compile @ tweet-service >>>
[INFO] 
[INFO] --- resources:3.3.1:resources (default-resources) @ tweet-service ---
[INFO] Copying 1 resource from src/main/resources to target/classes
[INFO] Copying 0 resource from src/main/resources to target/classes
[INFO] 
[INFO] --- compiler:3.14.1:compile (default-compile) @ tweet-service ---
[INFO] Recompiling the module because of changed source code.
[INFO] Compiling 40 source files with javac [debug parameters release 17] to target/classes
[INFO] 
[INFO] --- resources:3.3.1:testResources (default-testResources) @ tweet-service ---
[INFO] skip non existing resourceDirectory /home/md-quayem-ashraf/Desktop/TwitterClone/tweet-service/src/test/resources
[INFO] 
[INFO] --- compiler:3.14.1:testCompile (default-testCompile) @ tweet-service ---
[INFO] Recompiling the module because of changed dependency.
[INFO] Compiling 1 source file with javac [debug parameters release 17] to target/test-classes
[INFO] 
[INFO] <<< spring-boot:4.0.7:run (default-cli) < test-compile @ tweet-service <<<
[INFO] 
[INFO] 
[INFO] --- spring-boot:4.0.7:run (default-cli) @ tweet-service ---
[INFO] Attaching agents: []

  .   ____          _            __ _ _
 /\\ / ___'_ __ _ _(_)_ __  __ _ \ \ \ \
( ( )\___ | '_ | '_| | '_ \/ _` | \ \ \ \
 \\/  ___)| |_)| | | | | || (_| |  ) ) ) )
  '  |____| .__|_| |_|_| |_\__, | / / / /
 =========|_|==============|___/=/_/_/_/

 :: Spring Boot ::                (v4.0.7)

2026-07-04T11:25:56.513+05:30  INFO 8635 --- [TWEET-SERVICE] [  restartedMain] c.t.t.service.TweetServiceApplication    : Starting TweetServiceApplication using Java 17.0.19 with PID 8635 (/home/md-quayem-ashraf/Desktop/TwitterClone/tweet-service/target/classes started by md-quayem-ashraf in /home/md-quayem-ashraf/Desktop/TwitterClone/tweet-service)
2026-07-04T11:25:56.547+05:30  INFO 8635 --- [TWEET-SERVICE] [  restartedMain] c.t.t.service.TweetServiceApplication    : No active profile set, falling back to 1 default profile: "default"
2026-07-04T11:25:57.102+05:30  INFO 8635 --- [TWEET-SERVICE] [  restartedMain] .e.DevToolsPropertyDefaultsPostProcessor : Devtools property defaults active! Set 'spring.devtools.add-properties' to 'false' to disable
2026-07-04T11:25:57.103+05:30  INFO 8635 --- [TWEET-SERVICE] [  restartedMain] .e.DevToolsPropertyDefaultsPostProcessor : For additional web related logging consider setting the 'logging.level.web' property to 'DEBUG'
2026-07-04T11:26:01.034+05:30  INFO 8635 --- [TWEET-SERVICE] [  restartedMain] .s.d.r.c.RepositoryConfigurationDelegate : Multiple Spring Data modules found, entering strict repository configuration mode
2026-07-04T11:26:01.055+05:30  INFO 8635 --- [TWEET-SERVICE] [  restartedMain] .s.d.r.c.RepositoryConfigurationDelegate : Bootstrapping Spring Data Reactive Elasticsearch repositories in DEFAULT mode.
2026-07-04T11:26:01.179+05:30  INFO 8635 --- [TWEET-SERVICE] [  restartedMain] .RepositoryConfigurationExtensionSupport : Spring Data Reactive Elasticsearch - Could not safely identify store assignment for repository candidate interface com.twitter.tweet.service.repository.HashtagRepository; If you want this repository to be a Reactive Elasticsearch repository, consider annotating your entities with one of these annotations: org.springframework.data.elasticsearch.annotations.Document (preferred), or consider extending one of the following types with your repository: org.springframework.data.elasticsearch.repository.ReactiveElasticsearchRepository
2026-07-04T11:26:01.186+05:30  INFO 8635 --- [TWEET-SERVICE] [  restartedMain] .RepositoryConfigurationExtensionSupport : Spring Data Reactive Elasticsearch - Could not safely identify store assignment for repository candidate interface com.twitter.tweet.service.repository.TweetHashtagRepository; If you want this repository to be a Reactive Elasticsearch repository, consider annotating your entities with one of these annotations: org.springframework.data.elasticsearch.annotations.Document (preferred), or consider extending one of the following types with your repository: org.springframework.data.elasticsearch.repository.ReactiveElasticsearchRepository
2026-07-04T11:26:01.189+05:30  INFO 8635 --- [TWEET-SERVICE] [  restartedMain] .RepositoryConfigurationExtensionSupport : Spring Data Reactive Elasticsearch - Could not safely identify store assignment for repository candidate interface com.twitter.tweet.service.repository.TweetMediaRepository; If you want this repository to be a Reactive Elasticsearch repository, consider annotating your entities with one of these annotations: org.springframework.data.elasticsearch.annotations.Document (preferred), or consider extending one of the following types with your repository: org.springframework.data.elasticsearch.repository.ReactiveElasticsearchRepository
2026-07-04T11:26:01.192+05:30  INFO 8635 --- [TWEET-SERVICE] [  restartedMain] .RepositoryConfigurationExtensionSupport : Spring Data Reactive Elasticsearch - Could not safely identify store assignment for repository candidate interface com.twitter.tweet.service.repository.TweetRepository; If you want this repository to be a Reactive Elasticsearch repository, consider annotating your entities with one of these annotations: org.springframework.data.elasticsearch.annotations.Document (preferred), or consider extending one of the following types with your repository: org.springframework.data.elasticsearch.repository.ReactiveElasticsearchRepository
2026-07-04T11:26:01.554+05:30  INFO 8635 --- [TWEET-SERVICE] [  restartedMain] .s.d.r.c.RepositoryConfigurationDelegate : Finished Spring Data repository scanning in 474 ms. Found 0 Reactive Elasticsearch repository interfaces.
2026-07-04T11:26:01.572+05:30  INFO 8635 --- [TWEET-SERVICE] [  restartedMain] .s.d.r.c.RepositoryConfigurationDelegate : Multiple Spring Data modules found, entering strict repository configuration mode
2026-07-04T11:26:01.572+05:30  INFO 8635 --- [TWEET-SERVICE] [  restartedMain] .s.d.r.c.RepositoryConfigurationDelegate : Bootstrapping Spring Data Elasticsearch repositories in DEFAULT mode.
2026-07-04T11:26:01.587+05:30  INFO 8635 --- [TWEET-SERVICE] [  restartedMain] .RepositoryConfigurationExtensionSupport : Spring Data Elasticsearch - Could not safely identify store assignment for repository candidate interface com.twitter.tweet.service.repository.HashtagRepository; If you want this repository to be a Elasticsearch repository, consider annotating your entities with one of these annotations: org.springframework.data.elasticsearch.annotations.Document (preferred), or consider extending one of the following types with your repository: org.springframework.data.elasticsearch.repository.ElasticsearchRepository
2026-07-04T11:26:01.588+05:30  INFO 8635 --- [TWEET-SERVICE] [  restartedMain] .RepositoryConfigurationExtensionSupport : Spring Data Elasticsearch - Could not safely identify store assignment for repository candidate interface com.twitter.tweet.service.repository.TweetHashtagRepository; If you want this repository to be a Elasticsearch repository, consider annotating your entities with one of these annotations: org.springframework.data.elasticsearch.annotations.Document (preferred), or consider extending one of the following types with your repository: org.springframework.data.elasticsearch.repository.ElasticsearchRepository
2026-07-04T11:26:01.589+05:30  INFO 8635 --- [TWEET-SERVICE] [  restartedMain] .RepositoryConfigurationExtensionSupport : Spring Data Elasticsearch - Could not safely identify store assignment for repository candidate interface com.twitter.tweet.service.repository.TweetMediaRepository; If you want this repository to be a Elasticsearch repository, consider annotating your entities with one of these annotations: org.springframework.data.elasticsearch.annotations.Document (preferred), or consider extending one of the following types with your repository: org.springframework.data.elasticsearch.repository.ElasticsearchRepository
2026-07-04T11:26:01.590+05:30  INFO 8635 --- [TWEET-SERVICE] [  restartedMain] .RepositoryConfigurationExtensionSupport : Spring Data Elasticsearch - Could not safely identify store assignment for repository candidate interface com.twitter.tweet.service.repository.TweetRepository; If you want this repository to be a Elasticsearch repository, consider annotating your entities with one of these annotations: org.springframework.data.elasticsearch.annotations.Document (preferred), or consider extending one of the following types with your repository: org.springframework.data.elasticsearch.repository.ElasticsearchRepository
2026-07-04T11:26:01.643+05:30  INFO 8635 --- [TWEET-SERVICE] [  restartedMain] .s.d.r.c.RepositoryConfigurationDelegate : Finished Spring Data repository scanning in 63 ms. Found 1 Elasticsearch repository interface.
2026-07-04T11:26:01.690+05:30  INFO 8635 --- [TWEET-SERVICE] [  restartedMain] .s.d.r.c.RepositoryConfigurationDelegate : Multiple Spring Data modules found, entering strict repository configuration mode
2026-07-04T11:26:01.694+05:30  INFO 8635 --- [TWEET-SERVICE] [  restartedMain] .s.d.r.c.RepositoryConfigurationDelegate : Bootstrapping Spring Data JPA repositories in DEFAULT mode.
2026-07-04T11:26:01.734+05:30  INFO 8635 --- [TWEET-SERVICE] [  restartedMain] .RepositoryConfigurationExtensionSupport : Spring Data JPA - Could not safely identify store assignment for repository candidate interface com.twitter.tweet.service.repository.elastic.TweetSearchRepository; If you want this repository to be a JPA repository, consider annotating your entities with one of these annotations: jakarta.persistence.Entity, jakarta.persistence.MappedSuperclass (preferred), or consider extending one of the following types with your repository: org.springframework.data.jpa.repository.JpaRepository
2026-07-04T11:26:01.765+05:30  INFO 8635 --- [TWEET-SERVICE] [  restartedMain] .s.d.r.c.RepositoryConfigurationDelegate : Finished Spring Data repository scanning in 56 ms. Found 4 JPA repository interfaces.
2026-07-04T11:26:01.829+05:30  INFO 8635 --- [TWEET-SERVICE] [  restartedMain] .s.d.r.c.RepositoryConfigurationDelegate : Multiple Spring Data modules found, entering strict repository configuration mode
2026-07-04T11:26:01.832+05:30  INFO 8635 --- [TWEET-SERVICE] [  restartedMain] .s.d.r.c.RepositoryConfigurationDelegate : Bootstrapping Spring Data Redis repositories in DEFAULT mode.
2026-07-04T11:26:01.879+05:30  INFO 8635 --- [TWEET-SERVICE] [  restartedMain] .RepositoryConfigurationExtensionSupport : Spring Data Redis - Could not safely identify store assignment for repository candidate interface com.twitter.tweet.service.repository.HashtagRepository; If you want this repository to be a Redis repository, consider annotating your entities with one of these annotations: org.springframework.data.redis.core.RedisHash (preferred), or consider extending one of the following types with your repository: org.springframework.data.keyvalue.repository.KeyValueRepository
2026-07-04T11:26:01.880+05:30  INFO 8635 --- [TWEET-SERVICE] [  restartedMain] .RepositoryConfigurationExtensionSupport : Spring Data Redis - Could not safely identify store assignment for repository candidate interface com.twitter.tweet.service.repository.TweetHashtagRepository; If you want this repository to be a Redis repository, consider annotating your entities with one of these annotations: org.springframework.data.redis.core.RedisHash (preferred), or consider extending one of the following types with your repository: org.springframework.data.keyvalue.repository.KeyValueRepository
2026-07-04T11:26:01.885+05:30  INFO 8635 --- [TWEET-SERVICE] [  restartedMain] .RepositoryConfigurationExtensionSupport : Spring Data Redis - Could not safely identify store assignment for repository candidate interface com.twitter.tweet.service.repository.TweetMediaRepository; If you want this repository to be a Redis repository, consider annotating your entities with one of these annotations: org.springframework.data.redis.core.RedisHash (preferred), or consider extending one of the following types with your repository: org.springframework.data.keyvalue.repository.KeyValueRepository
2026-07-04T11:26:01.886+05:30  INFO 8635 --- [TWEET-SERVICE] [  restartedMain] .RepositoryConfigurationExtensionSupport : Spring Data Redis - Could not safely identify store assignment for repository candidate interface com.twitter.tweet.service.repository.TweetRepository; If you want this repository to be a Redis repository, consider annotating your entities with one of these annotations: org.springframework.data.redis.core.RedisHash (preferred), or consider extending one of the following types with your repository: org.springframework.data.keyvalue.repository.KeyValueRepository
2026-07-04T11:26:01.887+05:30  INFO 8635 --- [TWEET-SERVICE] [  restartedMain] .RepositoryConfigurationExtensionSupport : Spring Data Redis - Could not safely identify store assignment for repository candidate interface com.twitter.tweet.service.repository.elastic.TweetSearchRepository; If you want this repository to be a Redis repository, consider annotating your entities with one of these annotations: org.springframework.data.redis.core.RedisHash (preferred), or consider extending one of the following types with your repository: org.springframework.data.keyvalue.repository.KeyValueRepository
2026-07-04T11:26:01.887+05:30  INFO 8635 --- [TWEET-SERVICE] [  restartedMain] .s.d.r.c.RepositoryConfigurationDelegate : Finished Spring Data repository scanning in 23 ms. Found 0 Redis repository interfaces.
2026-07-04T11:26:03.009+05:30  INFO 8635 --- [TWEET-SERVICE] [  restartedMain] o.s.cloud.context.scope.GenericScope     : BeanFactory id=b1ea38d7-17c4-34dc-a089-c86e7a208098
2026-07-04T11:26:04.449+05:30  INFO 8635 --- [TWEET-SERVICE] [  restartedMain] o.s.boot.tomcat.TomcatWebServer          : Tomcat initialized with port 8085 (http)
2026-07-04T11:26:04.497+05:30  INFO 8635 --- [TWEET-SERVICE] [  restartedMain] o.apache.catalina.core.StandardService   : Starting service [Tomcat]
2026-07-04T11:26:04.501+05:30  INFO 8635 --- [TWEET-SERVICE] [  restartedMain] o.apache.catalina.core.StandardEngine    : Starting Servlet engine: [Apache Tomcat/11.0.22]
2026-07-04T11:26:04.635+05:30  INFO 8635 --- [TWEET-SERVICE] [  restartedMain] b.w.c.s.WebApplicationContextInitializer : Root WebApplicationContext: initialization completed in 7529 ms
2026-07-04T11:26:05.071+05:30  INFO 8635 --- [TWEET-SERVICE] [  restartedMain] org.hibernate.orm.jpa                    : HHH008540: Processing PersistenceUnitInfo [name: default]
2026-07-04T11:26:05.185+05:30  INFO 8635 --- [TWEET-SERVICE] [  restartedMain] org.hibernate.orm.core                   : HHH000001: Hibernate ORM core version 7.2.19.Final
2026-07-04T11:26:06.676+05:30  INFO 8635 --- [TWEET-SERVICE] [  restartedMain] o.s.o.j.p.SpringPersistenceUnitInfo      : No LoadTimeWeaver setup: ignoring JPA class transformer
2026-07-04T11:26:06.732+05:30  INFO 8635 --- [TWEET-SERVICE] [  restartedMain] com.zaxxer.hikari.HikariDataSource       : HikariPool-1 - Starting...
2026-07-04T11:26:07.303+05:30  INFO 8635 --- [TWEET-SERVICE] [  restartedMain] com.zaxxer.hikari.pool.HikariPool        : HikariPool-1 - Added connection org.postgresql.jdbc.PgConnection@5a509e9
2026-07-04T11:26:07.308+05:30  INFO 8635 --- [TWEET-SERVICE] [  restartedMain] com.zaxxer.hikari.HikariDataSource       : HikariPool-1 - Start completed.
2026-07-04T11:26:07.511+05:30  INFO 8635 --- [TWEET-SERVICE] [  restartedMain] org.hibernate.orm.connections.pooling    : HHH10001005: Database info:
	Database JDBC URL [jdbc:postgresql://localhost:5432/tweet-service]
	Database driver: PostgreSQL JDBC Driver
	Database dialect: PostgreSQLDialect
	Database version: 16.14
	Default catalog/schema: tweet-service/public
	Autocommit mode: undefined/unknown
	Isolation level: READ_COMMITTED [default READ_COMMITTED]
	JDBC fetch size: none
	Pool: DataSourceConnectionProvider
	Minimum pool size: undefined/unknown
	Maximum pool size: undefined/unknown
2026-07-04T11:26:09.940+05:30  INFO 8635 --- [TWEET-SERVICE] [  restartedMain] org.hibernate.orm.core                   : HHH000489: No JTA platform available (set 'hibernate.transaction.jta.platform' to enable JTA platform integration)
2026-07-04T11:26:10.186+05:30  INFO 8635 --- [TWEET-SERVICE] [  restartedMain] j.LocalContainerEntityManagerFactoryBean : Initialized JPA EntityManagerFactory for persistence unit 'default'
2026-07-04T11:26:10.500+05:30  INFO 8635 --- [TWEET-SERVICE] [  restartedMain] o.s.d.j.r.query.QueryEnhancerFactories   : Hibernate is in classpath; If applicable, HQL parser will be used.
2026-07-04T11:26:16.322+05:30  WARN 8635 --- [TWEET-SERVICE] [  restartedMain] JpaBaseConfiguration$JpaWebConfiguration : spring.jpa.open-in-view is enabled by default. Therefore, database queries may be performed during view rendering. Explicitly configure spring.jpa.open-in-view to disable this warning
2026-07-04T11:26:16.391+05:30  INFO 8635 --- [TWEET-SERVICE] [  restartedMain] o.s.c.openfeign.FeignClientFactoryBean   : For 'auth-service' URL not provided. Will try picking an instance via load-balancing.
TweetInteractionConsumer initialized
2026-07-04T11:26:18.550+05:30  INFO 8635 --- [TWEET-SERVICE] [  restartedMain] DiscoveryClientOptionalArgsConfiguration : Eureka HTTP Client uses RestClient.
2026-07-04T11:26:18.603+05:30  WARN 8635 --- [TWEET-SERVICE] [  restartedMain] iguration$LoadBalancerCaffeineWarnLogger : Spring Cloud LoadBalancer is currently working with the default cache. While this cache implementation is useful for development and tests, it's recommended to use Caffeine cache in production.You can switch to using Caffeine cache, by adding it and org.springframework.cache.caffeine.CaffeineCacheManager to the classpath.
2026-07-04T11:26:18.769+05:30  INFO 8635 --- [TWEET-SERVICE] [  restartedMain] o.s.c.n.eureka.InstanceInfoFactory       : Setting initial instance status as: STARTING
2026-07-04T11:26:18.809+05:30  INFO 8635 --- [TWEET-SERVICE] [  restartedMain] com.netflix.discovery.DiscoveryClient    : Initializing Eureka in region us-east-1
2026-07-04T11:26:18.816+05:30  INFO 8635 --- [TWEET-SERVICE] [  restartedMain] c.n.d.s.r.aws.ConfigClusterResolver      : Resolving eureka endpoints via configuration
2026-07-04T11:26:18.831+05:30  INFO 8635 --- [TWEET-SERVICE] [  restartedMain] com.netflix.discovery.DiscoveryClient    : Disable delta property : false
2026-07-04T11:26:18.831+05:30  INFO 8635 --- [TWEET-SERVICE] [  restartedMain] com.netflix.discovery.DiscoveryClient    : Single vip registry refresh property : null
2026-07-04T11:26:18.832+05:30  INFO 8635 --- [TWEET-SERVICE] [  restartedMain] com.netflix.discovery.DiscoveryClient    : Force full registry fetch : false
2026-07-04T11:26:18.832+05:30  INFO 8635 --- [TWEET-SERVICE] [  restartedMain] com.netflix.discovery.DiscoveryClient    : Application is null : false
2026-07-04T11:26:18.832+05:30  INFO 8635 --- [TWEET-SERVICE] [  restartedMain] com.netflix.discovery.DiscoveryClient    : Registered Applications size is zero : true
2026-07-04T11:26:18.832+05:30  INFO 8635 --- [TWEET-SERVICE] [  restartedMain] com.netflix.discovery.DiscoveryClient    : Application version is -1: true
2026-07-04T11:26:18.832+05:30  INFO 8635 --- [TWEET-SERVICE] [  restartedMain] com.netflix.discovery.DiscoveryClient    : Getting all instance registry info from the eureka server
2026-07-04T11:26:19.214+05:30  INFO 8635 --- [TWEET-SERVICE] [  restartedMain] com.netflix.discovery.DiscoveryClient    : The response status is 200
2026-07-04T11:26:19.218+05:30  INFO 8635 --- [TWEET-SERVICE] [  restartedMain] com.netflix.discovery.DiscoveryClient    : Starting heartbeat executor: renew interval is: 30
2026-07-04T11:26:19.221+05:30  INFO 8635 --- [TWEET-SERVICE] [  restartedMain] c.n.discovery.InstanceInfoReplicator     : InstanceInfoReplicator onDemand update allowed rate per min is 4
2026-07-04T11:26:19.225+05:30  INFO 8635 --- [TWEET-SERVICE] [  restartedMain] com.netflix.discovery.DiscoveryClient    : Discovery Client initialized at timestamp 1783144579223 with initial instances count: 1
2026-07-04T11:26:19.231+05:30  INFO 8635 --- [TWEET-SERVICE] [  restartedMain] o.s.c.n.e.s.EurekaServiceRegistry        : Registering application TWEET-SERVICE with eureka with status UP
2026-07-04T11:26:19.233+05:30  INFO 8635 --- [TWEET-SERVICE] [  restartedMain] com.netflix.discovery.DiscoveryClient    : Saw local status change event StatusChangeEvent [timestamp=1783144579233, current=UP, previous=STARTING]
2026-07-04T11:26:19.236+05:30  INFO 8635 --- [TWEET-SERVICE] [foReplicator-%d] com.netflix.discovery.DiscoveryClient    : DiscoveryClient_TWEET-SERVICE/10.10.3.10:TWEET-SERVICE:8085: registering service...
2026-07-04T11:26:19.253+05:30  INFO 8635 --- [TWEET-SERVICE] [  restartedMain] o.s.boot.tomcat.TomcatWebServer          : Tomcat started on port 8085 (http) with context path '/'
2026-07-04T11:26:19.255+05:30  INFO 8635 --- [TWEET-SERVICE] [  restartedMain] .s.c.n.e.s.EurekaAutoServiceRegistration : Updating port to 8085
2026-07-04T11:26:19.321+05:30  INFO 8635 --- [TWEET-SERVICE] [foReplicator-%d] com.netflix.discovery.DiscoveryClient    : DiscoveryClient_TWEET-SERVICE/10.10.3.10:TWEET-SERVICE:8085 - registration status: 204
2026-07-04T11:26:19.339+05:30  INFO 8635 --- [TWEET-SERVICE] [  restartedMain] o.a.kafka.common.config.AbstractConfig   : ConsumerConfig values: 
	allow.auto.create.topics = true
	auto.commit.interval.ms = 5000
	auto.offset.reset = latest
	bootstrap.servers = [localhost:9092]
	check.crcs = true
	client.dns.lookup = use_all_dns_ips
	client.id = consumer-tweet-group-1
	client.rack = 
	connections.max.idle.ms = 540000
	default.api.timeout.ms = 60000
	enable.auto.commit = false
	enable.metrics.push = true
	exclude.internal.topics = true
	fetch.max.bytes = 52428800
	fetch.max.wait.ms = 500
	fetch.min.bytes = 1
	group.id = tweet-group
	group.instance.id = null
	group.protocol = classic
	group.remote.assignor = null
	heartbeat.interval.ms = 3000
	interceptor.classes = []
	internal.leave.group.on.close = true
	internal.throw.on.fetch.stable.offset.unsupported = false
	isolation.level = read_uncommitted
	key.deserializer = class org.springframework.kafka.support.serializer.ErrorHandlingDeserializer
	max.partition.fetch.bytes = 1048576
	max.poll.interval.ms = 300000
	max.poll.records = 500
	metadata.max.age.ms = 300000
	metadata.recovery.rebootstrap.trigger.ms = 300000
	metadata.recovery.strategy = rebootstrap
	metric.reporters = [org.apache.kafka.common.metrics.JmxReporter]
	metrics.num.samples = 2
	metrics.recording.level = INFO
	metrics.sample.window.ms = 30000
	partition.assignment.strategy = [class org.apache.kafka.clients.consumer.RangeAssignor, class org.apache.kafka.clients.consumer.CooperativeStickyAssignor]
	receive.buffer.bytes = 65536
	reconnect.backoff.max.ms = 1000
	reconnect.backoff.ms = 50
	request.timeout.ms = 30000
	retry.backoff.max.ms = 1000
	retry.backoff.ms = 100
	sasl.client.callback.handler.class = null
	sasl.jaas.config = null
	sasl.kerberos.kinit.cmd = /usr/bin/kinit
	sasl.kerberos.min.time.before.relogin = 60000
	sasl.kerberos.service.name = null
	sasl.kerberos.ticket.renew.jitter = 0.05
	sasl.kerberos.ticket.renew.window.factor = 0.8
	sasl.login.callback.handler.class = null
	sasl.login.class = null
	sasl.login.connect.timeout.ms = null
	sasl.login.read.timeout.ms = null
	sasl.login.refresh.buffer.seconds = 300
	sasl.login.refresh.min.period.seconds = 60
	sasl.login.refresh.window.factor = 0.8
	sasl.login.refresh.window.jitter = 0.05
	sasl.login.retry.backoff.max.ms = 10000
	sasl.login.retry.backoff.ms = 100
	sasl.mechanism = GSSAPI
	sasl.oauthbearer.assertion.algorithm = RS256
	sasl.oauthbearer.assertion.claim.aud = null
	sasl.oauthbearer.assertion.claim.exp.seconds = 300
	sasl.oauthbearer.assertion.claim.iss = null
	sasl.oauthbearer.assertion.claim.jti.include = false
	sasl.oauthbearer.assertion.claim.nbf.seconds = 60
	sasl.oauthbearer.assertion.claim.sub = null
	sasl.oauthbearer.assertion.file = null
	sasl.oauthbearer.assertion.private.key.file = null
	sasl.oauthbearer.assertion.private.key.passphrase = null
	sasl.oauthbearer.assertion.template.file = null
	sasl.oauthbearer.client.credentials.client.id = null
	sasl.oauthbearer.client.credentials.client.secret = null
	sasl.oauthbearer.clock.skew.seconds = 30
	sasl.oauthbearer.expected.audience = null
	sasl.oauthbearer.expected.issuer = null
	sasl.oauthbearer.header.urlencode = false
	sasl.oauthbearer.jwks.endpoint.refresh.ms = 3600000
	sasl.oauthbearer.jwks.endpoint.retry.backoff.max.ms = 10000
	sasl.oauthbearer.jwks.endpoint.retry.backoff.ms = 100
	sasl.oauthbearer.jwks.endpoint.url = null
	sasl.oauthbearer.jwt.retriever.class = class org.apache.kafka.common.security.oauthbearer.DefaultJwtRetriever
	sasl.oauthbearer.jwt.validator.class = class org.apache.kafka.common.security.oauthbearer.DefaultJwtValidator
	sasl.oauthbearer.scope = null
	sasl.oauthbearer.scope.claim.name = scope
	sasl.oauthbearer.sub.claim.name = sub
	sasl.oauthbearer.token.endpoint.url = null
	security.protocol = PLAINTEXT
	security.providers = null
	send.buffer.bytes = 131072
	session.timeout.ms = 45000
	share.acknowledgement.mode = implicit
	socket.connection.setup.timeout.max.ms = 30000
	socket.connection.setup.timeout.ms = 10000
	ssl.cipher.suites = null
	ssl.enabled.protocols = [TLSv1.2, TLSv1.3]
	ssl.endpoint.identification.algorithm = https
	ssl.engine.factory.class = null
	ssl.key.password = null
	ssl.keymanager.algorithm = SunX509
	ssl.keystore.certificate.chain = null
	ssl.keystore.key = null
	ssl.keystore.location = null
	ssl.keystore.password = null
	ssl.keystore.type = JKS
	ssl.protocol = TLSv1.3
	ssl.provider = null
	ssl.secure.random.implementation = null
	ssl.trustmanager.algorithm = PKIX
	ssl.truststore.certificates = null
	ssl.truststore.location = null
	ssl.truststore.password = null
	ssl.truststore.type = JKS
	value.deserializer = class org.springframework.kafka.support.serializer.ErrorHandlingDeserializer

2026-07-04T11:26:19.430+05:30  INFO 8635 --- [TWEET-SERVICE] [  restartedMain] o.a.k.c.t.i.KafkaMetricsCollector        : initializing Kafka metrics collector
2026-07-04T11:26:19.692+05:30  INFO 8635 --- [TWEET-SERVICE] [  restartedMain] o.a.kafka.common.utils.AppInfoParser     : Kafka version: 4.1.2
2026-07-04T11:26:19.692+05:30  INFO 8635 --- [TWEET-SERVICE] [  restartedMain] o.a.kafka.common.utils.AppInfoParser     : Kafka commitId: c82fd9b934b4c1e6
2026-07-04T11:26:19.692+05:30  INFO 8635 --- [TWEET-SERVICE] [  restartedMain] o.a.kafka.common.utils.AppInfoParser     : Kafka startTimeMs: 1783144579689
2026-07-04T11:26:19.699+05:30  INFO 8635 --- [TWEET-SERVICE] [  restartedMain] o.a.k.c.c.i.ClassicKafkaConsumer         : [Consumer clientId=consumer-tweet-group-1, groupId=tweet-group] Subscribed to topic(s): tweet-unliked-topic
2026-07-04T11:26:19.715+05:30  INFO 8635 --- [TWEET-SERVICE] [  restartedMain] o.a.kafka.common.config.AbstractConfig   : ConsumerConfig values: 
	allow.auto.create.topics = true
	auto.commit.interval.ms = 5000
	auto.offset.reset = latest
	bootstrap.servers = [localhost:9092]
	check.crcs = true
	client.dns.lookup = use_all_dns_ips
	client.id = consumer-tweet-group-2
	client.rack = 
	connections.max.idle.ms = 540000
	default.api.timeout.ms = 60000
	enable.auto.commit = false
	enable.metrics.push = true
	exclude.internal.topics = true
	fetch.max.bytes = 52428800
	fetch.max.wait.ms = 500
	fetch.min.bytes = 1
	group.id = tweet-group
	group.instance.id = null
	group.protocol = classic
	group.remote.assignor = null
	heartbeat.interval.ms = 3000
	interceptor.classes = []
	internal.leave.group.on.close = true
	internal.throw.on.fetch.stable.offset.unsupported = false
	isolation.level = read_uncommitted
	key.deserializer = class org.springframework.kafka.support.serializer.ErrorHandlingDeserializer
	max.partition.fetch.bytes = 1048576
	max.poll.interval.ms = 300000
	max.poll.records = 500
	metadata.max.age.ms = 300000
	metadata.recovery.rebootstrap.trigger.ms = 300000
	metadata.recovery.strategy = rebootstrap
	metric.reporters = [org.apache.kafka.common.metrics.JmxReporter]
	metrics.num.samples = 2
	metrics.recording.level = INFO
	metrics.sample.window.ms = 30000
	partition.assignment.strategy = [class org.apache.kafka.clients.consumer.RangeAssignor, class org.apache.kafka.clients.consumer.CooperativeStickyAssignor]
	receive.buffer.bytes = 65536
	reconnect.backoff.max.ms = 1000
	reconnect.backoff.ms = 50
	request.timeout.ms = 30000
	retry.backoff.max.ms = 1000
	retry.backoff.ms = 100
	sasl.client.callback.handler.class = null
	sasl.jaas.config = null
	sasl.kerberos.kinit.cmd = /usr/bin/kinit
	sasl.kerberos.min.time.before.relogin = 60000
	sasl.kerberos.service.name = null
	sasl.kerberos.ticket.renew.jitter = 0.05
	sasl.kerberos.ticket.renew.window.factor = 0.8
	sasl.login.callback.handler.class = null
	sasl.login.class = null
	sasl.login.connect.timeout.ms = null
	sasl.login.read.timeout.ms = null
	sasl.login.refresh.buffer.seconds = 300
	sasl.login.refresh.min.period.seconds = 60
	sasl.login.refresh.window.factor = 0.8
	sasl.login.refresh.window.jitter = 0.05
	sasl.login.retry.backoff.max.ms = 10000
	sasl.login.retry.backoff.ms = 100
	sasl.mechanism = GSSAPI
	sasl.oauthbearer.assertion.algorithm = RS256
	sasl.oauthbearer.assertion.claim.aud = null
	sasl.oauthbearer.assertion.claim.exp.seconds = 300
	sasl.oauthbearer.assertion.claim.iss = null
	sasl.oauthbearer.assertion.claim.jti.include = false
	sasl.oauthbearer.assertion.claim.nbf.seconds = 60
	sasl.oauthbearer.assertion.claim.sub = null
	sasl.oauthbearer.assertion.file = null
	sasl.oauthbearer.assertion.private.key.file = null
	sasl.oauthbearer.assertion.private.key.passphrase = null
	sasl.oauthbearer.assertion.template.file = null
	sasl.oauthbearer.client.credentials.client.id = null
	sasl.oauthbearer.client.credentials.client.secret = null
	sasl.oauthbearer.clock.skew.seconds = 30
	sasl.oauthbearer.expected.audience = null
	sasl.oauthbearer.expected.issuer = null
	sasl.oauthbearer.header.urlencode = false
	sasl.oauthbearer.jwks.endpoint.refresh.ms = 3600000
	sasl.oauthbearer.jwks.endpoint.retry.backoff.max.ms = 10000
	sasl.oauthbearer.jwks.endpoint.retry.backoff.ms = 100
	sasl.oauthbearer.jwks.endpoint.url = null
	sasl.oauthbearer.jwt.retriever.class = class org.apache.kafka.common.security.oauthbearer.DefaultJwtRetriever
	sasl.oauthbearer.jwt.validator.class = class org.apache.kafka.common.security.oauthbearer.DefaultJwtValidator
	sasl.oauthbearer.scope = null
	sasl.oauthbearer.scope.claim.name = scope
	sasl.oauthbearer.sub.claim.name = sub
	sasl.oauthbearer.token.endpoint.url = null
	security.protocol = PLAINTEXT
	security.providers = null
	send.buffer.bytes = 131072
	session.timeout.ms = 45000
	share.acknowledgement.mode = implicit
	socket.connection.setup.timeout.max.ms = 30000
	socket.connection.setup.timeout.ms = 10000
	ssl.cipher.suites = null
	ssl.enabled.protocols = [TLSv1.2, TLSv1.3]
	ssl.endpoint.identification.algorithm = https
	ssl.engine.factory.class = null
	ssl.key.password = null
	ssl.keymanager.algorithm = SunX509
	ssl.keystore.certificate.chain = null
	ssl.keystore.key = null
	ssl.keystore.location = null
	ssl.keystore.password = null
	ssl.keystore.type = JKS
	ssl.protocol = TLSv1.3
	ssl.provider = null
	ssl.secure.random.implementation = null
	ssl.trustmanager.algorithm = PKIX
	ssl.truststore.certificates = null
	ssl.truststore.location = null
	ssl.truststore.password = null
	ssl.truststore.type = JKS
	value.deserializer = class org.springframework.kafka.support.serializer.ErrorHandlingDeserializer

2026-07-04T11:26:19.716+05:30  INFO 8635 --- [TWEET-SERVICE] [  restartedMain] o.a.k.c.t.i.KafkaMetricsCollector        : initializing Kafka metrics collector
2026-07-04T11:26:19.732+05:30  INFO 8635 --- [TWEET-SERVICE] [  restartedMain] o.a.kafka.common.utils.AppInfoParser     : Kafka version: 4.1.2
2026-07-04T11:26:19.732+05:30  INFO 8635 --- [TWEET-SERVICE] [  restartedMain] o.a.kafka.common.utils.AppInfoParser     : Kafka commitId: c82fd9b934b4c1e6
2026-07-04T11:26:19.732+05:30  INFO 8635 --- [TWEET-SERVICE] [  restartedMain] o.a.kafka.common.utils.AppInfoParser     : Kafka startTimeMs: 1783144579732
2026-07-04T11:26:19.733+05:30  INFO 8635 --- [TWEET-SERVICE] [  restartedMain] o.a.k.c.c.i.ClassicKafkaConsumer         : [Consumer clientId=consumer-tweet-group-2, groupId=tweet-group] Subscribed to topic(s): tweet-reply-deleted-topic
2026-07-04T11:26:19.737+05:30  INFO 8635 --- [TWEET-SERVICE] [  restartedMain] o.a.kafka.common.config.AbstractConfig   : ConsumerConfig values: 
	allow.auto.create.topics = true
	auto.commit.interval.ms = 5000
	auto.offset.reset = latest
	bootstrap.servers = [localhost:9092]
	check.crcs = true
	client.dns.lookup = use_all_dns_ips
	client.id = consumer-tweet-group-3
	client.rack = 
	connections.max.idle.ms = 540000
	default.api.timeout.ms = 60000
	enable.auto.commit = false
	enable.metrics.push = true
	exclude.internal.topics = true
	fetch.max.bytes = 52428800
	fetch.max.wait.ms = 500
	fetch.min.bytes = 1
	group.id = tweet-group
	group.instance.id = null
	group.protocol = classic
	group.remote.assignor = null
	heartbeat.interval.ms = 3000
	interceptor.classes = []
	internal.leave.group.on.close = true
	internal.throw.on.fetch.stable.offset.unsupported = false
	isolation.level = read_uncommitted
	key.deserializer = class org.springframework.kafka.support.serializer.ErrorHandlingDeserializer
	max.partition.fetch.bytes = 1048576
	max.poll.interval.ms = 300000
	max.poll.records = 500
	metadata.max.age.ms = 300000
	metadata.recovery.rebootstrap.trigger.ms = 300000
	metadata.recovery.strategy = rebootstrap
	metric.reporters = [org.apache.kafka.common.metrics.JmxReporter]
	metrics.num.samples = 2
	metrics.recording.level = INFO
	metrics.sample.window.ms = 30000
	partition.assignment.strategy = [class org.apache.kafka.clients.consumer.RangeAssignor, class org.apache.kafka.clients.consumer.CooperativeStickyAssignor]
	receive.buffer.bytes = 65536
	reconnect.backoff.max.ms = 1000
	reconnect.backoff.ms = 50
	request.timeout.ms = 30000
	retry.backoff.max.ms = 1000
	retry.backoff.ms = 100
	sasl.client.callback.handler.class = null
	sasl.jaas.config = null
	sasl.kerberos.kinit.cmd = /usr/bin/kinit
	sasl.kerberos.min.time.before.relogin = 60000
	sasl.kerberos.service.name = null
	sasl.kerberos.ticket.renew.jitter = 0.05
	sasl.kerberos.ticket.renew.window.factor = 0.8
	sasl.login.callback.handler.class = null
	sasl.login.class = null
	sasl.login.connect.timeout.ms = null
	sasl.login.read.timeout.ms = null
	sasl.login.refresh.buffer.seconds = 300
	sasl.login.refresh.min.period.seconds = 60
	sasl.login.refresh.window.factor = 0.8
	sasl.login.refresh.window.jitter = 0.05
	sasl.login.retry.backoff.max.ms = 10000
	sasl.login.retry.backoff.ms = 100
	sasl.mechanism = GSSAPI
	sasl.oauthbearer.assertion.algorithm = RS256
	sasl.oauthbearer.assertion.claim.aud = null
	sasl.oauthbearer.assertion.claim.exp.seconds = 300
	sasl.oauthbearer.assertion.claim.iss = null
	sasl.oauthbearer.assertion.claim.jti.include = false
	sasl.oauthbearer.assertion.claim.nbf.seconds = 60
	sasl.oauthbearer.assertion.claim.sub = null
	sasl.oauthbearer.assertion.file = null
	sasl.oauthbearer.assertion.private.key.file = null
	sasl.oauthbearer.assertion.private.key.passphrase = null
	sasl.oauthbearer.assertion.template.file = null
	sasl.oauthbearer.client.credentials.client.id = null
	sasl.oauthbearer.client.credentials.client.secret = null
	sasl.oauthbearer.clock.skew.seconds = 30
	sasl.oauthbearer.expected.audience = null
	sasl.oauthbearer.expected.issuer = null
	sasl.oauthbearer.header.urlencode = false
	sasl.oauthbearer.jwks.endpoint.refresh.ms = 3600000
	sasl.oauthbearer.jwks.endpoint.retry.backoff.max.ms = 10000
	sasl.oauthbearer.jwks.endpoint.retry.backoff.ms = 100
	sasl.oauthbearer.jwks.endpoint.url = null
	sasl.oauthbearer.jwt.retriever.class = class org.apache.kafka.common.security.oauthbearer.DefaultJwtRetriever
	sasl.oauthbearer.jwt.validator.class = class org.apache.kafka.common.security.oauthbearer.DefaultJwtValidator
	sasl.oauthbearer.scope = null
	sasl.oauthbearer.scope.claim.name = scope
	sasl.oauthbearer.sub.claim.name = sub
	sasl.oauthbearer.token.endpoint.url = null
	security.protocol = PLAINTEXT
	security.providers = null
	send.buffer.bytes = 131072
	session.timeout.ms = 45000
	share.acknowledgement.mode = implicit
	socket.connection.setup.timeout.max.ms = 30000
	socket.connection.setup.timeout.ms = 10000
	ssl.cipher.suites = null
	ssl.enabled.protocols = [TLSv1.2, TLSv1.3]
	ssl.endpoint.identification.algorithm = https
	ssl.engine.factory.class = null
	ssl.key.password = null
	ssl.keymanager.algorithm = SunX509
	ssl.keystore.certificate.chain = null
	ssl.keystore.key = null
	ssl.keystore.location = null
	ssl.keystore.password = null
	ssl.keystore.type = JKS
	ssl.protocol = TLSv1.3
	ssl.provider = null
	ssl.secure.random.implementation = null
	ssl.trustmanager.algorithm = PKIX
	ssl.truststore.certificates = null
	ssl.truststore.location = null
	ssl.truststore.password = null
	ssl.truststore.type = JKS
	value.deserializer = class org.springframework.kafka.support.serializer.ErrorHandlingDeserializer

2026-07-04T11:26:19.738+05:30  INFO 8635 --- [TWEET-SERVICE] [  restartedMain] o.a.k.c.t.i.KafkaMetricsCollector        : initializing Kafka metrics collector
2026-07-04T11:26:19.748+05:30  INFO 8635 --- [TWEET-SERVICE] [  restartedMain] o.a.kafka.common.utils.AppInfoParser     : Kafka version: 4.1.2
2026-07-04T11:26:19.748+05:30  INFO 8635 --- [TWEET-SERVICE] [  restartedMain] o.a.kafka.common.utils.AppInfoParser     : Kafka commitId: c82fd9b934b4c1e6
2026-07-04T11:26:19.749+05:30  INFO 8635 --- [TWEET-SERVICE] [  restartedMain] o.a.kafka.common.utils.AppInfoParser     : Kafka startTimeMs: 1783144579748
2026-07-04T11:26:19.749+05:30  INFO 8635 --- [TWEET-SERVICE] [  restartedMain] o.a.k.c.c.i.ClassicKafkaConsumer         : [Consumer clientId=consumer-tweet-group-3, groupId=tweet-group] Subscribed to topic(s): tweet-retweet-removed-topic
2026-07-04T11:26:19.753+05:30  INFO 8635 --- [TWEET-SERVICE] [  restartedMain] o.a.kafka.common.config.AbstractConfig   : ConsumerConfig values: 
	allow.auto.create.topics = true
	auto.commit.interval.ms = 5000
	auto.offset.reset = latest
	bootstrap.servers = [localhost:9092]
	check.crcs = true
	client.dns.lookup = use_all_dns_ips
	client.id = consumer-elastic-group-4
	client.rack = 
	connections.max.idle.ms = 540000
	default.api.timeout.ms = 60000
	enable.auto.commit = false
	enable.metrics.push = true
	exclude.internal.topics = true
	fetch.max.bytes = 52428800
	fetch.max.wait.ms = 500
	fetch.min.bytes = 1
	group.id = elastic-group
	group.instance.id = null
	group.protocol = classic
	group.remote.assignor = null
	heartbeat.interval.ms = 3000
	interceptor.classes = []
	internal.leave.group.on.close = true
	internal.throw.on.fetch.stable.offset.unsupported = false
	isolation.level = read_uncommitted
	key.deserializer = class org.springframework.kafka.support.serializer.ErrorHandlingDeserializer
	max.partition.fetch.bytes = 1048576
	max.poll.interval.ms = 300000
	max.poll.records = 500
	metadata.max.age.ms = 300000
	metadata.recovery.rebootstrap.trigger.ms = 300000
	metadata.recovery.strategy = rebootstrap
	metric.reporters = [org.apache.kafka.common.metrics.JmxReporter]
	metrics.num.samples = 2
	metrics.recording.level = INFO
	metrics.sample.window.ms = 30000
	partition.assignment.strategy = [class org.apache.kafka.clients.consumer.RangeAssignor, class org.apache.kafka.clients.consumer.CooperativeStickyAssignor]
	receive.buffer.bytes = 65536
	reconnect.backoff.max.ms = 1000
	reconnect.backoff.ms = 50
	request.timeout.ms = 30000
	retry.backoff.max.ms = 1000
	retry.backoff.ms = 100
	sasl.client.callback.handler.class = null
	sasl.jaas.config = null
	sasl.kerberos.kinit.cmd = /usr/bin/kinit
	sasl.kerberos.min.time.before.relogin = 60000
	sasl.kerberos.service.name = null
	sasl.kerberos.ticket.renew.jitter = 0.05
	sasl.kerberos.ticket.renew.window.factor = 0.8
	sasl.login.callback.handler.class = null
	sasl.login.class = null
	sasl.login.connect.timeout.ms = null
	sasl.login.read.timeout.ms = null
	sasl.login.refresh.buffer.seconds = 300
	sasl.login.refresh.min.period.seconds = 60
	sasl.login.refresh.window.factor = 0.8
	sasl.login.refresh.window.jitter = 0.05
	sasl.login.retry.backoff.max.ms = 10000
	sasl.login.retry.backoff.ms = 100
	sasl.mechanism = GSSAPI
	sasl.oauthbearer.assertion.algorithm = RS256
	sasl.oauthbearer.assertion.claim.aud = null
	sasl.oauthbearer.assertion.claim.exp.seconds = 300
	sasl.oauthbearer.assertion.claim.iss = null
	sasl.oauthbearer.assertion.claim.jti.include = false
	sasl.oauthbearer.assertion.claim.nbf.seconds = 60
	sasl.oauthbearer.assertion.claim.sub = null
	sasl.oauthbearer.assertion.file = null
	sasl.oauthbearer.assertion.private.key.file = null
	sasl.oauthbearer.assertion.private.key.passphrase = null
	sasl.oauthbearer.assertion.template.file = null
	sasl.oauthbearer.client.credentials.client.id = null
	sasl.oauthbearer.client.credentials.client.secret = null
	sasl.oauthbearer.clock.skew.seconds = 30
	sasl.oauthbearer.expected.audience = null
	sasl.oauthbearer.expected.issuer = null
	sasl.oauthbearer.header.urlencode = false
	sasl.oauthbearer.jwks.endpoint.refresh.ms = 3600000
	sasl.oauthbearer.jwks.endpoint.retry.backoff.max.ms = 10000
	sasl.oauthbearer.jwks.endpoint.retry.backoff.ms = 100
	sasl.oauthbearer.jwks.endpoint.url = null
	sasl.oauthbearer.jwt.retriever.class = class org.apache.kafka.common.security.oauthbearer.DefaultJwtRetriever
	sasl.oauthbearer.jwt.validator.class = class org.apache.kafka.common.security.oauthbearer.DefaultJwtValidator
	sasl.oauthbearer.scope = null
	sasl.oauthbearer.scope.claim.name = scope
	sasl.oauthbearer.sub.claim.name = sub
	sasl.oauthbearer.token.endpoint.url = null
	security.protocol = PLAINTEXT
	security.providers = null
	send.buffer.bytes = 131072
	session.timeout.ms = 45000
	share.acknowledgement.mode = implicit
	socket.connection.setup.timeout.max.ms = 30000
	socket.connection.setup.timeout.ms = 10000
	ssl.cipher.suites = null
	ssl.enabled.protocols = [TLSv1.2, TLSv1.3]
	ssl.endpoint.identification.algorithm = https
	ssl.engine.factory.class = null
	ssl.key.password = null
	ssl.keymanager.algorithm = SunX509
	ssl.keystore.certificate.chain = null
	ssl.keystore.key = null
	ssl.keystore.location = null
	ssl.keystore.password = null
	ssl.keystore.type = JKS
	ssl.protocol = TLSv1.3
	ssl.provider = null
	ssl.secure.random.implementation = null
	ssl.trustmanager.algorithm = PKIX
	ssl.truststore.certificates = null
	ssl.truststore.location = null
	ssl.truststore.password = null
	ssl.truststore.type = JKS
	value.deserializer = class org.springframework.kafka.support.serializer.ErrorHandlingDeserializer

2026-07-04T11:26:19.754+05:30  INFO 8635 --- [TWEET-SERVICE] [  restartedMain] o.a.k.c.t.i.KafkaMetricsCollector        : initializing Kafka metrics collector
2026-07-04T11:26:19.763+05:30  INFO 8635 --- [TWEET-SERVICE] [  restartedMain] o.a.kafka.common.utils.AppInfoParser     : Kafka version: 4.1.2
2026-07-04T11:26:19.763+05:30  INFO 8635 --- [TWEET-SERVICE] [  restartedMain] o.a.kafka.common.utils.AppInfoParser     : Kafka commitId: c82fd9b934b4c1e6
2026-07-04T11:26:19.764+05:30  INFO 8635 --- [TWEET-SERVICE] [  restartedMain] o.a.kafka.common.utils.AppInfoParser     : Kafka startTimeMs: 1783144579763
2026-07-04T11:26:19.765+05:30  INFO 8635 --- [TWEET-SERVICE] [  restartedMain] o.a.k.c.c.i.ClassicKafkaConsumer         : [Consumer clientId=consumer-elastic-group-4, groupId=elastic-group] Subscribed to topic(s): tweet-deleted-topic
2026-07-04T11:26:19.769+05:30  INFO 8635 --- [TWEET-SERVICE] [  restartedMain] o.a.kafka.common.config.AbstractConfig   : ConsumerConfig values: 
	allow.auto.create.topics = true
	auto.commit.interval.ms = 5000
	auto.offset.reset = latest
	bootstrap.servers = [localhost:9092]
	check.crcs = true
	client.dns.lookup = use_all_dns_ips
	client.id = consumer-tweet-group-5
	client.rack = 
	connections.max.idle.ms = 540000
	default.api.timeout.ms = 60000
	enable.auto.commit = false
	enable.metrics.push = true
	exclude.internal.topics = true
	fetch.max.bytes = 52428800
	fetch.max.wait.ms = 500
	fetch.min.bytes = 1
	group.id = tweet-group
	group.instance.id = null
	group.protocol = classic
	group.remote.assignor = null
	heartbeat.interval.ms = 3000
	interceptor.classes = []
	internal.leave.group.on.close = true
	internal.throw.on.fetch.stable.offset.unsupported = false
	isolation.level = read_uncommitted
	key.deserializer = class org.springframework.kafka.support.serializer.ErrorHandlingDeserializer
	max.partition.fetch.bytes = 1048576
	max.poll.interval.ms = 300000
	max.poll.records = 500
	metadata.max.age.ms = 300000
	metadata.recovery.rebootstrap.trigger.ms = 300000
	metadata.recovery.strategy = rebootstrap
	metric.reporters = [org.apache.kafka.common.metrics.JmxReporter]
	metrics.num.samples = 2
	metrics.recording.level = INFO
	metrics.sample.window.ms = 30000
	partition.assignment.strategy = [class org.apache.kafka.clients.consumer.RangeAssignor, class org.apache.kafka.clients.consumer.CooperativeStickyAssignor]
	receive.buffer.bytes = 65536
	reconnect.backoff.max.ms = 1000
	reconnect.backoff.ms = 50
	request.timeout.ms = 30000
	retry.backoff.max.ms = 1000
	retry.backoff.ms = 100
	sasl.client.callback.handler.class = null
	sasl.jaas.config = null
	sasl.kerberos.kinit.cmd = /usr/bin/kinit
	sasl.kerberos.min.time.before.relogin = 60000
	sasl.kerberos.service.name = null
	sasl.kerberos.ticket.renew.jitter = 0.05
	sasl.kerberos.ticket.renew.window.factor = 0.8
	sasl.login.callback.handler.class = null
	sasl.login.class = null
	sasl.login.connect.timeout.ms = null
	sasl.login.read.timeout.ms = null
	sasl.login.refresh.buffer.seconds = 300
	sasl.login.refresh.min.period.seconds = 60
	sasl.login.refresh.window.factor = 0.8
	sasl.login.refresh.window.jitter = 0.05
	sasl.login.retry.backoff.max.ms = 10000
	sasl.login.retry.backoff.ms = 100
	sasl.mechanism = GSSAPI
	sasl.oauthbearer.assertion.algorithm = RS256
	sasl.oauthbearer.assertion.claim.aud = null
	sasl.oauthbearer.assertion.claim.exp.seconds = 300
	sasl.oauthbearer.assertion.claim.iss = null
	sasl.oauthbearer.assertion.claim.jti.include = false
	sasl.oauthbearer.assertion.claim.nbf.seconds = 60
	sasl.oauthbearer.assertion.claim.sub = null
	sasl.oauthbearer.assertion.file = null
	sasl.oauthbearer.assertion.private.key.file = null
	sasl.oauthbearer.assertion.private.key.passphrase = null
	sasl.oauthbearer.assertion.template.file = null
	sasl.oauthbearer.client.credentials.client.id = null
	sasl.oauthbearer.client.credentials.client.secret = null
	sasl.oauthbearer.clock.skew.seconds = 30
	sasl.oauthbearer.expected.audience = null
	sasl.oauthbearer.expected.issuer = null
	sasl.oauthbearer.header.urlencode = false
	sasl.oauthbearer.jwks.endpoint.refresh.ms = 3600000
	sasl.oauthbearer.jwks.endpoint.retry.backoff.max.ms = 10000
	sasl.oauthbearer.jwks.endpoint.retry.backoff.ms = 100
	sasl.oauthbearer.jwks.endpoint.url = null
	sasl.oauthbearer.jwt.retriever.class = class org.apache.kafka.common.security.oauthbearer.DefaultJwtRetriever
	sasl.oauthbearer.jwt.validator.class = class org.apache.kafka.common.security.oauthbearer.DefaultJwtValidator
	sasl.oauthbearer.scope = null
	sasl.oauthbearer.scope.claim.name = scope
	sasl.oauthbearer.sub.claim.name = sub
	sasl.oauthbearer.token.endpoint.url = null
	security.protocol = PLAINTEXT
	security.providers = null
	send.buffer.bytes = 131072
	session.timeout.ms = 45000
	share.acknowledgement.mode = implicit
	socket.connection.setup.timeout.max.ms = 30000
	socket.connection.setup.timeout.ms = 10000
	ssl.cipher.suites = null
	ssl.enabled.protocols = [TLSv1.2, TLSv1.3]
	ssl.endpoint.identification.algorithm = https
	ssl.engine.factory.class = null
	ssl.key.password = null
	ssl.keymanager.algorithm = SunX509
	ssl.keystore.certificate.chain = null
	ssl.keystore.key = null
	ssl.keystore.location = null
	ssl.keystore.password = null
	ssl.keystore.type = JKS
	ssl.protocol = TLSv1.3
	ssl.provider = null
	ssl.secure.random.implementation = null
	ssl.trustmanager.algorithm = PKIX
	ssl.truststore.certificates = null
	ssl.truststore.location = null
	ssl.truststore.password = null
	ssl.truststore.type = JKS
	value.deserializer = class org.springframework.kafka.support.serializer.ErrorHandlingDeserializer

2026-07-04T11:26:19.770+05:30  INFO 8635 --- [TWEET-SERVICE] [  restartedMain] o.a.k.c.t.i.KafkaMetricsCollector        : initializing Kafka metrics collector
2026-07-04T11:26:19.781+05:30  INFO 8635 --- [TWEET-SERVICE] [  restartedMain] o.a.kafka.common.utils.AppInfoParser     : Kafka version: 4.1.2
2026-07-04T11:26:19.781+05:30  INFO 8635 --- [TWEET-SERVICE] [  restartedMain] o.a.kafka.common.utils.AppInfoParser     : Kafka commitId: c82fd9b934b4c1e6
2026-07-04T11:26:19.781+05:30  INFO 8635 --- [TWEET-SERVICE] [  restartedMain] o.a.kafka.common.utils.AppInfoParser     : Kafka startTimeMs: 1783144579780
2026-07-04T11:26:19.782+05:30  INFO 8635 --- [TWEET-SERVICE] [  restartedMain] o.a.k.c.c.i.ClassicKafkaConsumer         : [Consumer clientId=consumer-tweet-group-5, groupId=tweet-group] Subscribed to topic(s): tweet-liked-topic
2026-07-04T11:26:19.786+05:30  INFO 8635 --- [TWEET-SERVICE] [  restartedMain] o.a.kafka.common.config.AbstractConfig   : ConsumerConfig values: 
	allow.auto.create.topics = true
	auto.commit.interval.ms = 5000
	auto.offset.reset = latest
	bootstrap.servers = [localhost:9092]
	check.crcs = true
	client.dns.lookup = use_all_dns_ips
	client.id = consumer-tweet-group-6
	client.rack = 
	connections.max.idle.ms = 540000
	default.api.timeout.ms = 60000
	enable.auto.commit = false
	enable.metrics.push = true
	exclude.internal.topics = true
	fetch.max.bytes = 52428800
	fetch.max.wait.ms = 500
	fetch.min.bytes = 1
	group.id = tweet-group
	group.instance.id = null
	group.protocol = classic
	group.remote.assignor = null
	heartbeat.interval.ms = 3000
	interceptor.classes = []
	internal.leave.group.on.close = true
	internal.throw.on.fetch.stable.offset.unsupported = false
	isolation.level = read_uncommitted
	key.deserializer = class org.springframework.kafka.support.serializer.ErrorHandlingDeserializer
	max.partition.fetch.bytes = 1048576
	max.poll.interval.ms = 300000
	max.poll.records = 500
	metadata.max.age.ms = 300000
	metadata.recovery.rebootstrap.trigger.ms = 300000
	metadata.recovery.strategy = rebootstrap
	metric.reporters = [org.apache.kafka.common.metrics.JmxReporter]
	metrics.num.samples = 2
	metrics.recording.level = INFO
	metrics.sample.window.ms = 30000
	partition.assignment.strategy = [class org.apache.kafka.clients.consumer.RangeAssignor, class org.apache.kafka.clients.consumer.CooperativeStickyAssignor]
	receive.buffer.bytes = 65536
	reconnect.backoff.max.ms = 1000
	reconnect.backoff.ms = 50
	request.timeout.ms = 30000
	retry.backoff.max.ms = 1000
	retry.backoff.ms = 100
	sasl.client.callback.handler.class = null
	sasl.jaas.config = null
	sasl.kerberos.kinit.cmd = /usr/bin/kinit
	sasl.kerberos.min.time.before.relogin = 60000
	sasl.kerberos.service.name = null
	sasl.kerberos.ticket.renew.jitter = 0.05
	sasl.kerberos.ticket.renew.window.factor = 0.8
	sasl.login.callback.handler.class = null
	sasl.login.class = null
	sasl.login.connect.timeout.ms = null
	sasl.login.read.timeout.ms = null
	sasl.login.refresh.buffer.seconds = 300
	sasl.login.refresh.min.period.seconds = 60
	sasl.login.refresh.window.factor = 0.8
	sasl.login.refresh.window.jitter = 0.05
	sasl.login.retry.backoff.max.ms = 10000
	sasl.login.retry.backoff.ms = 100
	sasl.mechanism = GSSAPI
	sasl.oauthbearer.assertion.algorithm = RS256
	sasl.oauthbearer.assertion.claim.aud = null
	sasl.oauthbearer.assertion.claim.exp.seconds = 300
	sasl.oauthbearer.assertion.claim.iss = null
	sasl.oauthbearer.assertion.claim.jti.include = false
	sasl.oauthbearer.assertion.claim.nbf.seconds = 60
	sasl.oauthbearer.assertion.claim.sub = null
	sasl.oauthbearer.assertion.file = null
	sasl.oauthbearer.assertion.private.key.file = null
	sasl.oauthbearer.assertion.private.key.passphrase = null
	sasl.oauthbearer.assertion.template.file = null
	sasl.oauthbearer.client.credentials.client.id = null
	sasl.oauthbearer.client.credentials.client.secret = null
	sasl.oauthbearer.clock.skew.seconds = 30
	sasl.oauthbearer.expected.audience = null
	sasl.oauthbearer.expected.issuer = null
	sasl.oauthbearer.header.urlencode = false
	sasl.oauthbearer.jwks.endpoint.refresh.ms = 3600000
	sasl.oauthbearer.jwks.endpoint.retry.backoff.max.ms = 10000
	sasl.oauthbearer.jwks.endpoint.retry.backoff.ms = 100
	sasl.oauthbearer.jwks.endpoint.url = null
	sasl.oauthbearer.jwt.retriever.class = class org.apache.kafka.common.security.oauthbearer.DefaultJwtRetriever
	sasl.oauthbearer.jwt.validator.class = class org.apache.kafka.common.security.oauthbearer.DefaultJwtValidator
	sasl.oauthbearer.scope = null
	sasl.oauthbearer.scope.claim.name = scope
	sasl.oauthbearer.sub.claim.name = sub
	sasl.oauthbearer.token.endpoint.url = null
	security.protocol = PLAINTEXT
	security.providers = null
	send.buffer.bytes = 131072
	session.timeout.ms = 45000
	share.acknowledgement.mode = implicit
	socket.connection.setup.timeout.max.ms = 30000
	socket.connection.setup.timeout.ms = 10000
	ssl.cipher.suites = null
	ssl.enabled.protocols = [TLSv1.2, TLSv1.3]
	ssl.endpoint.identification.algorithm = https
	ssl.engine.factory.class = null
	ssl.key.password = null
	ssl.keymanager.algorithm = SunX509
	ssl.keystore.certificate.chain = null
	ssl.keystore.key = null
	ssl.keystore.location = null
	ssl.keystore.password = null
	ssl.keystore.type = JKS
	ssl.protocol = TLSv1.3
	ssl.provider = null
	ssl.secure.random.implementation = null
	ssl.trustmanager.algorithm = PKIX
	ssl.truststore.certificates = null
	ssl.truststore.location = null
	ssl.truststore.password = null
	ssl.truststore.type = JKS
	value.deserializer = class org.springframework.kafka.support.serializer.ErrorHandlingDeserializer

2026-07-04T11:26:19.787+05:30  INFO 8635 --- [TWEET-SERVICE] [  restartedMain] o.a.k.c.t.i.KafkaMetricsCollector        : initializing Kafka metrics collector
2026-07-04T11:26:19.793+05:30  INFO 8635 --- [TWEET-SERVICE] [  restartedMain] o.a.kafka.common.utils.AppInfoParser     : Kafka version: 4.1.2
2026-07-04T11:26:19.793+05:30  INFO 8635 --- [TWEET-SERVICE] [  restartedMain] o.a.kafka.common.utils.AppInfoParser     : Kafka commitId: c82fd9b934b4c1e6
2026-07-04T11:26:19.793+05:30  INFO 8635 --- [TWEET-SERVICE] [  restartedMain] o.a.kafka.common.utils.AppInfoParser     : Kafka startTimeMs: 1783144579793
2026-07-04T11:26:19.794+05:30  INFO 8635 --- [TWEET-SERVICE] [  restartedMain] o.a.k.c.c.i.ClassicKafkaConsumer         : [Consumer clientId=consumer-tweet-group-6, groupId=tweet-group] Subscribed to topic(s): tweet-replied-topic
2026-07-04T11:26:19.799+05:30  INFO 8635 --- [TWEET-SERVICE] [  restartedMain] o.a.kafka.common.config.AbstractConfig   : ConsumerConfig values: 
	allow.auto.create.topics = true
	auto.commit.interval.ms = 5000
	auto.offset.reset = latest
	bootstrap.servers = [localhost:9092]
	check.crcs = true
	client.dns.lookup = use_all_dns_ips
	client.id = consumer-tweet-group-7
	client.rack = 
	connections.max.idle.ms = 540000
	default.api.timeout.ms = 60000
	enable.auto.commit = false
	enable.metrics.push = true
	exclude.internal.topics = true
	fetch.max.bytes = 52428800
	fetch.max.wait.ms = 500
	fetch.min.bytes = 1
	group.id = tweet-group
	group.instance.id = null
	group.protocol = classic
	group.remote.assignor = null
	heartbeat.interval.ms = 3000
	interceptor.classes = []
	internal.leave.group.on.close = true
	internal.throw.on.fetch.stable.offset.unsupported = false
	isolation.level = read_uncommitted
	key.deserializer = class org.springframework.kafka.support.serializer.ErrorHandlingDeserializer
	max.partition.fetch.bytes = 1048576
	max.poll.interval.ms = 300000
	max.poll.records = 500
	metadata.max.age.ms = 300000
	metadata.recovery.rebootstrap.trigger.ms = 300000
	metadata.recovery.strategy = rebootstrap
	metric.reporters = [org.apache.kafka.common.metrics.JmxReporter]
	metrics.num.samples = 2
	metrics.recording.level = INFO
	metrics.sample.window.ms = 30000
	partition.assignment.strategy = [class org.apache.kafka.clients.consumer.RangeAssignor, class org.apache.kafka.clients.consumer.CooperativeStickyAssignor]
	receive.buffer.bytes = 65536
	reconnect.backoff.max.ms = 1000
	reconnect.backoff.ms = 50
	request.timeout.ms = 30000
	retry.backoff.max.ms = 1000
	retry.backoff.ms = 100
	sasl.client.callback.handler.class = null
	sasl.jaas.config = null
	sasl.kerberos.kinit.cmd = /usr/bin/kinit
	sasl.kerberos.min.time.before.relogin = 60000
	sasl.kerberos.service.name = null
	sasl.kerberos.ticket.renew.jitter = 0.05
	sasl.kerberos.ticket.renew.window.factor = 0.8
	sasl.login.callback.handler.class = null
	sasl.login.class = null
	sasl.login.connect.timeout.ms = null
	sasl.login.read.timeout.ms = null
	sasl.login.refresh.buffer.seconds = 300
	sasl.login.refresh.min.period.seconds = 60
	sasl.login.refresh.window.factor = 0.8
	sasl.login.refresh.window.jitter = 0.05
	sasl.login.retry.backoff.max.ms = 10000
	sasl.login.retry.backoff.ms = 100
	sasl.mechanism = GSSAPI
	sasl.oauthbearer.assertion.algorithm = RS256
	sasl.oauthbearer.assertion.claim.aud = null
	sasl.oauthbearer.assertion.claim.exp.seconds = 300
	sasl.oauthbearer.assertion.claim.iss = null
	sasl.oauthbearer.assertion.claim.jti.include = false
	sasl.oauthbearer.assertion.claim.nbf.seconds = 60
	sasl.oauthbearer.assertion.claim.sub = null
	sasl.oauthbearer.assertion.file = null
	sasl.oauthbearer.assertion.private.key.file = null
	sasl.oauthbearer.assertion.private.key.passphrase = null
	sasl.oauthbearer.assertion.template.file = null
	sasl.oauthbearer.client.credentials.client.id = null
	sasl.oauthbearer.client.credentials.client.secret = null
	sasl.oauthbearer.clock.skew.seconds = 30
	sasl.oauthbearer.expected.audience = null
	sasl.oauthbearer.expected.issuer = null
	sasl.oauthbearer.header.urlencode = false
	sasl.oauthbearer.jwks.endpoint.refresh.ms = 3600000
	sasl.oauthbearer.jwks.endpoint.retry.backoff.max.ms = 10000
	sasl.oauthbearer.jwks.endpoint.retry.backoff.ms = 100
	sasl.oauthbearer.jwks.endpoint.url = null
	sasl.oauthbearer.jwt.retriever.class = class org.apache.kafka.common.security.oauthbearer.DefaultJwtRetriever
	sasl.oauthbearer.jwt.validator.class = class org.apache.kafka.common.security.oauthbearer.DefaultJwtValidator
	sasl.oauthbearer.scope = null
	sasl.oauthbearer.scope.claim.name = scope
	sasl.oauthbearer.sub.claim.name = sub
	sasl.oauthbearer.token.endpoint.url = null
	security.protocol = PLAINTEXT
	security.providers = null
	send.buffer.bytes = 131072
	session.timeout.ms = 45000
	share.acknowledgement.mode = implicit
	socket.connection.setup.timeout.max.ms = 30000
	socket.connection.setup.timeout.ms = 10000
	ssl.cipher.suites = null
	ssl.enabled.protocols = [TLSv1.2, TLSv1.3]
	ssl.endpoint.identification.algorithm = https
	ssl.engine.factory.class = null
	ssl.key.password = null
	ssl.keymanager.algorithm = SunX509
	ssl.keystore.certificate.chain = null
	ssl.keystore.key = null
	ssl.keystore.location = null
	ssl.keystore.password = null
	ssl.keystore.type = JKS
	ssl.protocol = TLSv1.3
	ssl.provider = null
	ssl.secure.random.implementation = null
	ssl.trustmanager.algorithm = PKIX
	ssl.truststore.certificates = null
	ssl.truststore.location = null
	ssl.truststore.password = null
	ssl.truststore.type = JKS
	value.deserializer = class org.springframework.kafka.support.serializer.ErrorHandlingDeserializer

2026-07-04T11:26:19.800+05:30  INFO 8635 --- [TWEET-SERVICE] [  restartedMain] o.a.k.c.t.i.KafkaMetricsCollector        : initializing Kafka metrics collector
2026-07-04T11:26:19.806+05:30  INFO 8635 --- [TWEET-SERVICE] [  restartedMain] o.a.kafka.common.utils.AppInfoParser     : Kafka version: 4.1.2
2026-07-04T11:26:19.807+05:30  INFO 8635 --- [TWEET-SERVICE] [  restartedMain] o.a.kafka.common.utils.AppInfoParser     : Kafka commitId: c82fd9b934b4c1e6
2026-07-04T11:26:19.807+05:30  INFO 8635 --- [TWEET-SERVICE] [  restartedMain] o.a.kafka.common.utils.AppInfoParser     : Kafka startTimeMs: 1783144579806
2026-07-04T11:26:19.807+05:30  INFO 8635 --- [TWEET-SERVICE] [  restartedMain] o.a.k.c.c.i.ClassicKafkaConsumer         : [Consumer clientId=consumer-tweet-group-7, groupId=tweet-group] Subscribed to topic(s): tweet-retweeted-topic
2026-07-04T11:26:19.810+05:30  INFO 8635 --- [TWEET-SERVICE] [  restartedMain] o.a.kafka.common.config.AbstractConfig   : ConsumerConfig values: 
	allow.auto.create.topics = true
	auto.commit.interval.ms = 5000
	auto.offset.reset = latest
	bootstrap.servers = [localhost:9092]
	check.crcs = true
	client.dns.lookup = use_all_dns_ips
	client.id = consumer-elastic-group-8
	client.rack = 
	connections.max.idle.ms = 540000
	default.api.timeout.ms = 60000
	enable.auto.commit = false
	enable.metrics.push = true
	exclude.internal.topics = true
	fetch.max.bytes = 52428800
	fetch.max.wait.ms = 500
	fetch.min.bytes = 1
	group.id = elastic-group
	group.instance.id = null
	group.protocol = classic
	group.remote.assignor = null
	heartbeat.interval.ms = 3000
	interceptor.classes = []
	internal.leave.group.on.close = true
	internal.throw.on.fetch.stable.offset.unsupported = false
	isolation.level = read_uncommitted
	key.deserializer = class org.springframework.kafka.support.serializer.ErrorHandlingDeserializer
	max.partition.fetch.bytes = 1048576
	max.poll.interval.ms = 300000
	max.poll.records = 500
	metadata.max.age.ms = 300000
	metadata.recovery.rebootstrap.trigger.ms = 300000
	metadata.recovery.strategy = rebootstrap
	metric.reporters = [org.apache.kafka.common.metrics.JmxReporter]
	metrics.num.samples = 2
	metrics.recording.level = INFO
	metrics.sample.window.ms = 30000
	partition.assignment.strategy = [class org.apache.kafka.clients.consumer.RangeAssignor, class org.apache.kafka.clients.consumer.CooperativeStickyAssignor]
	receive.buffer.bytes = 65536
	reconnect.backoff.max.ms = 1000
	reconnect.backoff.ms = 50
	request.timeout.ms = 30000
	retry.backoff.max.ms = 1000
	retry.backoff.ms = 100
	sasl.client.callback.handler.class = null
	sasl.jaas.config = null
	sasl.kerberos.kinit.cmd = /usr/bin/kinit
	sasl.kerberos.min.time.before.relogin = 60000
	sasl.kerberos.service.name = null
	sasl.kerberos.ticket.renew.jitter = 0.05
	sasl.kerberos.ticket.renew.window.factor = 0.8
	sasl.login.callback.handler.class = null
	sasl.login.class = null
	sasl.login.connect.timeout.ms = null
	sasl.login.read.timeout.ms = null
	sasl.login.refresh.buffer.seconds = 300
	sasl.login.refresh.min.period.seconds = 60
	sasl.login.refresh.window.factor = 0.8
	sasl.login.refresh.window.jitter = 0.05
	sasl.login.retry.backoff.max.ms = 10000
	sasl.login.retry.backoff.ms = 100
	sasl.mechanism = GSSAPI
	sasl.oauthbearer.assertion.algorithm = RS256
	sasl.oauthbearer.assertion.claim.aud = null
	sasl.oauthbearer.assertion.claim.exp.seconds = 300
	sasl.oauthbearer.assertion.claim.iss = null
	sasl.oauthbearer.assertion.claim.jti.include = false
	sasl.oauthbearer.assertion.claim.nbf.seconds = 60
	sasl.oauthbearer.assertion.claim.sub = null
	sasl.oauthbearer.assertion.file = null
	sasl.oauthbearer.assertion.private.key.file = null
	sasl.oauthbearer.assertion.private.key.passphrase = null
	sasl.oauthbearer.assertion.template.file = null
	sasl.oauthbearer.client.credentials.client.id = null
	sasl.oauthbearer.client.credentials.client.secret = null
	sasl.oauthbearer.clock.skew.seconds = 30
	sasl.oauthbearer.expected.audience = null
	sasl.oauthbearer.expected.issuer = null
	sasl.oauthbearer.header.urlencode = false
	sasl.oauthbearer.jwks.endpoint.refresh.ms = 3600000
	sasl.oauthbearer.jwks.endpoint.retry.backoff.max.ms = 10000
	sasl.oauthbearer.jwks.endpoint.retry.backoff.ms = 100
	sasl.oauthbearer.jwks.endpoint.url = null
	sasl.oauthbearer.jwt.retriever.class = class org.apache.kafka.common.security.oauthbearer.DefaultJwtRetriever
	sasl.oauthbearer.jwt.validator.class = class org.apache.kafka.common.security.oauthbearer.DefaultJwtValidator
	sasl.oauthbearer.scope = null
	sasl.oauthbearer.scope.claim.name = scope
	sasl.oauthbearer.sub.claim.name = sub
	sasl.oauthbearer.token.endpoint.url = null
	security.protocol = PLAINTEXT
	security.providers = null
	send.buffer.bytes = 131072
	session.timeout.ms = 45000
	share.acknowledgement.mode = implicit
	socket.connection.setup.timeout.max.ms = 30000
	socket.connection.setup.timeout.ms = 10000
	ssl.cipher.suites = null
	ssl.enabled.protocols = [TLSv1.2, TLSv1.3]
	ssl.endpoint.identification.algorithm = https
	ssl.engine.factory.class = null
	ssl.key.password = null
	ssl.keymanager.algorithm = SunX509
	ssl.keystore.certificate.chain = null
	ssl.keystore.key = null
	ssl.keystore.location = null
	ssl.keystore.password = null
	ssl.keystore.type = JKS
	ssl.protocol = TLSv1.3
	ssl.provider = null
	ssl.secure.random.implementation = null
	ssl.trustmanager.algorithm = PKIX
	ssl.truststore.certificates = null
	ssl.truststore.location = null
	ssl.truststore.password = null
	ssl.truststore.type = JKS
	value.deserializer = class org.springframework.kafka.support.serializer.ErrorHandlingDeserializer

2026-07-04T11:26:19.811+05:30  INFO 8635 --- [TWEET-SERVICE] [  restartedMain] o.a.k.c.t.i.KafkaMetricsCollector        : initializing Kafka metrics collector
2026-07-04T11:26:19.819+05:30  INFO 8635 --- [TWEET-SERVICE] [  restartedMain] o.a.kafka.common.utils.AppInfoParser     : Kafka version: 4.1.2
2026-07-04T11:26:19.819+05:30  INFO 8635 --- [TWEET-SERVICE] [  restartedMain] o.a.kafka.common.utils.AppInfoParser     : Kafka commitId: c82fd9b934b4c1e6
2026-07-04T11:26:19.820+05:30  INFO 8635 --- [TWEET-SERVICE] [  restartedMain] o.a.kafka.common.utils.AppInfoParser     : Kafka startTimeMs: 1783144579819
2026-07-04T11:26:19.820+05:30  INFO 8635 --- [TWEET-SERVICE] [  restartedMain] o.a.k.c.c.i.ClassicKafkaConsumer         : [Consumer clientId=consumer-elastic-group-8, groupId=elastic-group] Subscribed to topic(s): tweet-created-topic
2026-07-04T11:26:19.824+05:30  INFO 8635 --- [TWEET-SERVICE] [  restartedMain] o.a.kafka.common.config.AbstractConfig   : ConsumerConfig values: 
	allow.auto.create.topics = true
	auto.commit.interval.ms = 5000
	auto.offset.reset = latest
	bootstrap.servers = [localhost:9092]
	check.crcs = true
	client.dns.lookup = use_all_dns_ips
	client.id = consumer-elastic-group-9
	client.rack = 
	connections.max.idle.ms = 540000
	default.api.timeout.ms = 60000
	enable.auto.commit = false
	enable.metrics.push = true
	exclude.internal.topics = true
	fetch.max.bytes = 52428800
	fetch.max.wait.ms = 500
	fetch.min.bytes = 1
	group.id = elastic-group
	group.instance.id = null
	group.protocol = classic
	group.remote.assignor = null
	heartbeat.interval.ms = 3000
	interceptor.classes = []
	internal.leave.group.on.close = true
	internal.throw.on.fetch.stable.offset.unsupported = false
	isolation.level = read_uncommitted
	key.deserializer = class org.springframework.kafka.support.serializer.ErrorHandlingDeserializer
	max.partition.fetch.bytes = 1048576
	max.poll.interval.ms = 300000
	max.poll.records = 500
	metadata.max.age.ms = 300000
	metadata.recovery.rebootstrap.trigger.ms = 300000
	metadata.recovery.strategy = rebootstrap
	metric.reporters = [org.apache.kafka.common.metrics.JmxReporter]
	metrics.num.samples = 2
	metrics.recording.level = INFO
	metrics.sample.window.ms = 30000
	partition.assignment.strategy = [class org.apache.kafka.clients.consumer.RangeAssignor, class org.apache.kafka.clients.consumer.CooperativeStickyAssignor]
	receive.buffer.bytes = 65536
	reconnect.backoff.max.ms = 1000
	reconnect.backoff.ms = 50
	request.timeout.ms = 30000
	retry.backoff.max.ms = 1000
	retry.backoff.ms = 100
	sasl.client.callback.handler.class = null
	sasl.jaas.config = null
	sasl.kerberos.kinit.cmd = /usr/bin/kinit
	sasl.kerberos.min.time.before.relogin = 60000
	sasl.kerberos.service.name = null
	sasl.kerberos.ticket.renew.jitter = 0.05
	sasl.kerberos.ticket.renew.window.factor = 0.8
	sasl.login.callback.handler.class = null
	sasl.login.class = null
	sasl.login.connect.timeout.ms = null
	sasl.login.read.timeout.ms = null
	sasl.login.refresh.buffer.seconds = 300
	sasl.login.refresh.min.period.seconds = 60
	sasl.login.refresh.window.factor = 0.8
	sasl.login.refresh.window.jitter = 0.05
	sasl.login.retry.backoff.max.ms = 10000
	sasl.login.retry.backoff.ms = 100
	sasl.mechanism = GSSAPI
	sasl.oauthbearer.assertion.algorithm = RS256
	sasl.oauthbearer.assertion.claim.aud = null
	sasl.oauthbearer.assertion.claim.exp.seconds = 300
	sasl.oauthbearer.assertion.claim.iss = null
	sasl.oauthbearer.assertion.claim.jti.include = false
	sasl.oauthbearer.assertion.claim.nbf.seconds = 60
	sasl.oauthbearer.assertion.claim.sub = null
	sasl.oauthbearer.assertion.file = null
	sasl.oauthbearer.assertion.private.key.file = null
	sasl.oauthbearer.assertion.private.key.passphrase = null
	sasl.oauthbearer.assertion.template.file = null
	sasl.oauthbearer.client.credentials.client.id = null
	sasl.oauthbearer.client.credentials.client.secret = null
	sasl.oauthbearer.clock.skew.seconds = 30
	sasl.oauthbearer.expected.audience = null
	sasl.oauthbearer.expected.issuer = null
	sasl.oauthbearer.header.urlencode = false
	sasl.oauthbearer.jwks.endpoint.refresh.ms = 3600000
	sasl.oauthbearer.jwks.endpoint.retry.backoff.max.ms = 10000
	sasl.oauthbearer.jwks.endpoint.retry.backoff.ms = 100
	sasl.oauthbearer.jwks.endpoint.url = null
	sasl.oauthbearer.jwt.retriever.class = class org.apache.kafka.common.security.oauthbearer.DefaultJwtRetriever
	sasl.oauthbearer.jwt.validator.class = class org.apache.kafka.common.security.oauthbearer.DefaultJwtValidator
	sasl.oauthbearer.scope = null
	sasl.oauthbearer.scope.claim.name = scope
	sasl.oauthbearer.sub.claim.name = sub
	sasl.oauthbearer.token.endpoint.url = null
	security.protocol = PLAINTEXT
	security.providers = null
	send.buffer.bytes = 131072
	session.timeout.ms = 45000
	share.acknowledgement.mode = implicit
	socket.connection.setup.timeout.max.ms = 30000
	socket.connection.setup.timeout.ms = 10000
	ssl.cipher.suites = null
	ssl.enabled.protocols = [TLSv1.2, TLSv1.3]
	ssl.endpoint.identification.algorithm = https
	ssl.engine.factory.class = null
	ssl.key.password = null
	ssl.keymanager.algorithm = SunX509
	ssl.keystore.certificate.chain = null
	ssl.keystore.key = null
	ssl.keystore.location = null
	ssl.keystore.password = null
	ssl.keystore.type = JKS
	ssl.protocol = TLSv1.3
	ssl.provider = null
	ssl.secure.random.implementation = null
	ssl.trustmanager.algorithm = PKIX
	ssl.truststore.certificates = null
	ssl.truststore.location = null
	ssl.truststore.password = null
	ssl.truststore.type = JKS
	value.deserializer = class org.springframework.kafka.support.serializer.ErrorHandlingDeserializer

2026-07-04T11:26:19.825+05:30  INFO 8635 --- [TWEET-SERVICE] [  restartedMain] o.a.k.c.t.i.KafkaMetricsCollector        : initializing Kafka metrics collector
2026-07-04T11:26:19.833+05:30  INFO 8635 --- [TWEET-SERVICE] [  restartedMain] o.a.kafka.common.utils.AppInfoParser     : Kafka version: 4.1.2
2026-07-04T11:26:19.834+05:30  INFO 8635 --- [TWEET-SERVICE] [  restartedMain] o.a.kafka.common.utils.AppInfoParser     : Kafka commitId: c82fd9b934b4c1e6
2026-07-04T11:26:19.834+05:30  INFO 8635 --- [TWEET-SERVICE] [  restartedMain] o.a.kafka.common.utils.AppInfoParser     : Kafka startTimeMs: 1783144579833
2026-07-04T11:26:19.835+05:30  INFO 8635 --- [TWEET-SERVICE] [  restartedMain] o.a.k.c.c.i.ClassicKafkaConsumer         : [Consumer clientId=consumer-elastic-group-9, groupId=elastic-group] Subscribed to topic(s): tweet-updated-topic
2026-07-04T11:26:19.860+05:30  INFO 8635 --- [TWEET-SERVICE] [  restartedMain] c.t.t.service.TweetServiceApplication    : Started TweetServiceApplication in 26.343 seconds (process running for 28.756)
URL      = jdbc:postgresql://localhost:5432/tweet-service
USERNAME = postgres
PASSWORD = Password@2026
2026-07-04T11:26:19.879+05:30  INFO 8635 --- [TWEET-SERVICE] [  restartedMain] c.t.t.s.events.consumer.ElasticConsumer  : ElasticConsumer bean initialized. Syncing PostgreSQL tweets to Elasticsearch...
2026-07-04T11:26:20.232+05:30  WARN 8635 --- [TWEET-SERVICE] [  restartedMain] o.s.c.l.core.RoundRobinLoadBalancer      : No servers available for service: auth-service
2026-07-04T11:26:20.244+05:30  WARN 8635 --- [TWEET-SERVICE] [  restartedMain] .s.c.o.l.FeignBlockingLoadBalancerClient : Load balancer does not contain an instance for the service auth-service
2026-07-04T11:26:20.257+05:30  WARN 8635 --- [TWEET-SERVICE] [  restartedMain] c.t.t.s.events.consumer.ElasticConsumer  : Failed to fetch username for userId=1 during startup ES sync: [503] during [GET] to [http://auth-service/api/internal/users/1] [AuthServiceClient#getUserById(Long)]: [Load balancer does not contain an instance for the service auth-service]
2026-07-04T11:26:20.305+05:30  WARN 8635 --- [TWEET-SERVICE] [  restartedMain] o.s.c.l.core.RoundRobinLoadBalancer      : No servers available for service: auth-service
2026-07-04T11:26:20.311+05:30  WARN 8635 --- [TWEET-SERVICE] [  restartedMain] .s.c.o.l.FeignBlockingLoadBalancerClient : Load balancer does not contain an instance for the service auth-service
2026-07-04T11:26:20.312+05:30  WARN 8635 --- [TWEET-SERVICE] [  restartedMain] c.t.t.s.events.consumer.ElasticConsumer  : Failed to fetch username for userId=1 during startup ES sync: [503] during [GET] to [http://auth-service/api/internal/users/1] [AuthServiceClient#getUserById(Long)]: [Load balancer does not contain an instance for the service auth-service]
2026-07-04T11:26:20.332+05:30  WARN 8635 --- [TWEET-SERVICE] [  restartedMain] o.s.c.l.core.RoundRobinLoadBalancer      : No servers available for service: auth-service
2026-07-04T11:26:20.333+05:30  WARN 8635 --- [TWEET-SERVICE] [  restartedMain] .s.c.o.l.FeignBlockingLoadBalancerClient : Load balancer does not contain an instance for the service auth-service
2026-07-04T11:26:20.334+05:30  WARN 8635 --- [TWEET-SERVICE] [  restartedMain] c.t.t.s.events.consumer.ElasticConsumer  : Failed to fetch username for userId=1 during startup ES sync: [503] during [GET] to [http://auth-service/api/internal/users/1] [AuthServiceClient#getUserById(Long)]: [Load balancer does not contain an instance for the service auth-service]
2026-07-04T11:26:20.344+05:30  WARN 8635 --- [TWEET-SERVICE] [  restartedMain] o.s.c.l.core.RoundRobinLoadBalancer      : No servers available for service: auth-service
2026-07-04T11:26:20.344+05:30  WARN 8635 --- [TWEET-SERVICE] [  restartedMain] .s.c.o.l.FeignBlockingLoadBalancerClient : Load balancer does not contain an instance for the service auth-service
2026-07-04T11:26:20.345+05:30  WARN 8635 --- [TWEET-SERVICE] [  restartedMain] c.t.t.s.events.consumer.ElasticConsumer  : Failed to fetch username for userId=1 during startup ES sync: [503] during [GET] to [http://auth-service/api/internal/users/1] [AuthServiceClient#getUserById(Long)]: [Load balancer does not contain an instance for the service auth-service]
2026-07-04T11:26:20.357+05:30  WARN 8635 --- [TWEET-SERVICE] [  restartedMain] o.s.c.l.core.RoundRobinLoadBalancer      : No servers available for service: auth-service
2026-07-04T11:26:20.358+05:30  WARN 8635 --- [TWEET-SERVICE] [  restartedMain] .s.c.o.l.FeignBlockingLoadBalancerClient : Load balancer does not contain an instance for the service auth-service
2026-07-04T11:26:20.359+05:30  WARN 8635 --- [TWEET-SERVICE] [  restartedMain] c.t.t.s.events.consumer.ElasticConsumer  : Failed to fetch username for userId=1 during startup ES sync: [503] during [GET] to [http://auth-service/api/internal/users/1] [AuthServiceClient#getUserById(Long)]: [Load balancer does not contain an instance for the service auth-service]
2026-07-04T11:26:20.368+05:30  WARN 8635 --- [TWEET-SERVICE] [  restartedMain] o.s.c.l.core.RoundRobinLoadBalancer      : No servers available for service: auth-service
2026-07-04T11:26:20.369+05:30  WARN 8635 --- [TWEET-SERVICE] [  restartedMain] .s.c.o.l.FeignBlockingLoadBalancerClient : Load balancer does not contain an instance for the service auth-service
2026-07-04T11:26:20.370+05:30  WARN 8635 --- [TWEET-SERVICE] [  restartedMain] c.t.t.s.events.consumer.ElasticConsumer  : Failed to fetch username for userId=1 during startup ES sync: [503] during [GET] to [http://auth-service/api/internal/users/1] [AuthServiceClient#getUserById(Long)]: [Load balancer does not contain an instance for the service auth-service]
2026-07-04T11:26:20.699+05:30  INFO 8635 --- [TWEET-SERVICE] [ntainer#6-0-C-1] org.apache.kafka.clients.Metadata        : [Consumer clientId=consumer-tweet-group-1, groupId=tweet-group] Cluster ID: 5L6g3nShT-eMCtK--X86sw
2026-07-04T11:26:20.699+05:30  INFO 8635 --- [TWEET-SERVICE] [ntainer#3-0-C-1] org.apache.kafka.clients.Metadata        : [Consumer clientId=consumer-tweet-group-5, groupId=tweet-group] Cluster ID: 5L6g3nShT-eMCtK--X86sw
2026-07-04T11:26:20.699+05:30  INFO 8635 --- [TWEET-SERVICE] [ntainer#2-0-C-1] org.apache.kafka.clients.Metadata        : [Consumer clientId=consumer-elastic-group-4, groupId=elastic-group] Cluster ID: 5L6g3nShT-eMCtK--X86sw
2026-07-04T11:26:20.699+05:30  INFO 8635 --- [TWEET-SERVICE] [ntainer#4-0-C-1] org.apache.kafka.clients.Metadata        : [Consumer clientId=consumer-tweet-group-6, groupId=tweet-group] Cluster ID: 5L6g3nShT-eMCtK--X86sw
2026-07-04T11:26:20.700+05:30  INFO 8635 --- [TWEET-SERVICE] [ntainer#0-0-C-1] org.apache.kafka.clients.Metadata        : [Consumer clientId=consumer-elastic-group-8, groupId=elastic-group] Cluster ID: 5L6g3nShT-eMCtK--X86sw
2026-07-04T11:26:20.699+05:30  INFO 8635 --- [TWEET-SERVICE] [ntainer#5-0-C-1] org.apache.kafka.clients.Metadata        : [Consumer clientId=consumer-tweet-group-7, groupId=tweet-group] Cluster ID: 5L6g3nShT-eMCtK--X86sw
2026-07-04T11:26:20.699+05:30  INFO 8635 --- [TWEET-SERVICE] [ntainer#1-0-C-1] org.apache.kafka.clients.Metadata        : [Consumer clientId=consumer-elastic-group-9, groupId=elastic-group] Cluster ID: 5L6g3nShT-eMCtK--X86sw
2026-07-04T11:26:20.702+05:30  INFO 8635 --- [TWEET-SERVICE] [ntainer#8-0-C-1] org.apache.kafka.clients.Metadata        : [Consumer clientId=consumer-tweet-group-3, groupId=tweet-group] Cluster ID: 5L6g3nShT-eMCtK--X86sw
2026-07-04T11:26:20.699+05:30  INFO 8635 --- [TWEET-SERVICE] [ntainer#7-0-C-1] org.apache.kafka.clients.Metadata        : [Consumer clientId=consumer-tweet-group-2, groupId=tweet-group] Cluster ID: 5L6g3nShT-eMCtK--X86sw
2026-07-04T11:26:20.710+05:30  INFO 8635 --- [TWEET-SERVICE] [ntainer#6-0-C-1] o.a.k.c.c.internals.ConsumerCoordinator  : [Consumer clientId=consumer-tweet-group-1, groupId=tweet-group] Discovered group coordinator localhost:9092 (id: 2147483646 rack: null isFenced: false)
2026-07-04T11:26:20.710+05:30  INFO 8635 --- [TWEET-SERVICE] [ntainer#0-0-C-1] o.a.k.c.c.internals.ConsumerCoordinator  : [Consumer clientId=consumer-elastic-group-8, groupId=elastic-group] Discovered group coordinator localhost:9092 (id: 2147483646 rack: null isFenced: false)
2026-07-04T11:26:20.710+05:30  INFO 8635 --- [TWEET-SERVICE] [ntainer#8-0-C-1] o.a.k.c.c.internals.ConsumerCoordinator  : [Consumer clientId=consumer-tweet-group-3, groupId=tweet-group] Discovered group coordinator localhost:9092 (id: 2147483646 rack: null isFenced: false)
2026-07-04T11:26:20.710+05:30  INFO 8635 --- [TWEET-SERVICE] [ntainer#7-0-C-1] o.a.k.c.c.internals.ConsumerCoordinator  : [Consumer clientId=consumer-tweet-group-2, groupId=tweet-group] Discovered group coordinator localhost:9092 (id: 2147483646 rack: null isFenced: false)
2026-07-04T11:26:20.710+05:30  INFO 8635 --- [TWEET-SERVICE] [ntainer#4-0-C-1] o.a.k.c.c.internals.ConsumerCoordinator  : [Consumer clientId=consumer-tweet-group-6, groupId=tweet-group] Discovered group coordinator localhost:9092 (id: 2147483646 rack: null isFenced: false)
2026-07-04T11:26:20.710+05:30  INFO 8635 --- [TWEET-SERVICE] [ntainer#5-0-C-1] o.a.k.c.c.internals.ConsumerCoordinator  : [Consumer clientId=consumer-tweet-group-7, groupId=tweet-group] Discovered group coordinator localhost:9092 (id: 2147483646 rack: null isFenced: false)
2026-07-04T11:26:20.712+05:30  INFO 8635 --- [TWEET-SERVICE] [ntainer#2-0-C-1] o.a.k.c.c.internals.ConsumerCoordinator  : [Consumer clientId=consumer-elastic-group-4, groupId=elastic-group] Discovered group coordinator localhost:9092 (id: 2147483646 rack: null isFenced: false)
2026-07-04T11:26:20.713+05:30  INFO 8635 --- [TWEET-SERVICE] [ntainer#1-0-C-1] o.a.k.c.c.internals.ConsumerCoordinator  : [Consumer clientId=consumer-elastic-group-9, groupId=elastic-group] Discovered group coordinator localhost:9092 (id: 2147483646 rack: null isFenced: false)
2026-07-04T11:26:20.713+05:30  INFO 8635 --- [TWEET-SERVICE] [ntainer#3-0-C-1] o.a.k.c.c.internals.ConsumerCoordinator  : [Consumer clientId=consumer-tweet-group-5, groupId=tweet-group] Discovered group coordinator localhost:9092 (id: 2147483646 rack: null isFenced: false)
2026-07-04T11:26:20.718+05:30  INFO 8635 --- [TWEET-SERVICE] [ntainer#4-0-C-1] o.a.k.c.c.internals.ConsumerCoordinator  : [Consumer clientId=consumer-tweet-group-6, groupId=tweet-group] (Re-)joining group
2026-07-04T11:26:20.718+05:30  INFO 8635 --- [TWEET-SERVICE] [ntainer#0-0-C-1] o.a.k.c.c.internals.ConsumerCoordinator  : [Consumer clientId=consumer-elastic-group-8, groupId=elastic-group] (Re-)joining group
2026-07-04T11:26:20.719+05:30  INFO 8635 --- [TWEET-SERVICE] [ntainer#2-0-C-1] o.a.k.c.c.internals.ConsumerCoordinator  : [Consumer clientId=consumer-elastic-group-4, groupId=elastic-group] (Re-)joining group
2026-07-04T11:26:20.718+05:30  INFO 8635 --- [TWEET-SERVICE] [ntainer#3-0-C-1] o.a.k.c.c.internals.ConsumerCoordinator  : [Consumer clientId=consumer-tweet-group-5, groupId=tweet-group] (Re-)joining group
2026-07-04T11:26:20.720+05:30  INFO 8635 --- [TWEET-SERVICE] [ntainer#5-0-C-1] o.a.k.c.c.internals.ConsumerCoordinator  : [Consumer clientId=consumer-tweet-group-7, groupId=tweet-group] (Re-)joining group
2026-07-04T11:26:20.721+05:30  INFO 8635 --- [TWEET-SERVICE] [ntainer#7-0-C-1] o.a.k.c.c.internals.ConsumerCoordinator  : [Consumer clientId=consumer-tweet-group-2, groupId=tweet-group] (Re-)joining group
2026-07-04T11:26:20.722+05:30  INFO 8635 --- [TWEET-SERVICE] [ntainer#1-0-C-1] o.a.k.c.c.internals.ConsumerCoordinator  : [Consumer clientId=consumer-elastic-group-9, groupId=elastic-group] (Re-)joining group
2026-07-04T11:26:20.723+05:30  INFO 8635 --- [TWEET-SERVICE] [ntainer#8-0-C-1] o.a.k.c.c.internals.ConsumerCoordinator  : [Consumer clientId=consumer-tweet-group-3, groupId=tweet-group] (Re-)joining group
2026-07-04T11:26:20.723+05:30  INFO 8635 --- [TWEET-SERVICE] [ntainer#6-0-C-1] o.a.k.c.c.internals.ConsumerCoordinator  : [Consumer clientId=consumer-tweet-group-1, groupId=tweet-group] (Re-)joining group
2026-07-04T11:26:20.759+05:30  INFO 8635 --- [TWEET-SERVICE] [ntainer#8-0-C-1] o.a.k.c.c.internals.ConsumerCoordinator  : [Consumer clientId=consumer-tweet-group-3, groupId=tweet-group] Request joining group due to: need to re-join with the given member-id: consumer-tweet-group-3-5b813c64-c1d2-4ce9-b2d6-3312501849ce
2026-07-04T11:26:20.759+05:30  INFO 8635 --- [TWEET-SERVICE] [ntainer#6-0-C-1] o.a.k.c.c.internals.ConsumerCoordinator  : [Consumer clientId=consumer-tweet-group-1, groupId=tweet-group] Request joining group due to: need to re-join with the given member-id: consumer-tweet-group-1-3b839d49-2a8b-4a59-830e-d0417c629358
2026-07-04T11:26:20.760+05:30  INFO 8635 --- [TWEET-SERVICE] [ntainer#6-0-C-1] o.a.k.c.c.internals.ConsumerCoordinator  : [Consumer clientId=consumer-tweet-group-1, groupId=tweet-group] (Re-)joining group
2026-07-04T11:26:20.761+05:30  INFO 8635 --- [TWEET-SERVICE] [ntainer#8-0-C-1] o.a.k.c.c.internals.ConsumerCoordinator  : [Consumer clientId=consumer-tweet-group-3, groupId=tweet-group] (Re-)joining group
2026-07-04T11:26:20.762+05:30  INFO 8635 --- [TWEET-SERVICE] [ntainer#1-0-C-1] o.a.k.c.c.internals.ConsumerCoordinator  : [Consumer clientId=consumer-elastic-group-9, groupId=elastic-group] Request joining group due to: need to re-join with the given member-id: consumer-elastic-group-9-b493471e-f439-44b9-be12-da7eb8169109
2026-07-04T11:26:20.764+05:30  INFO 8635 --- [TWEET-SERVICE] [ntainer#2-0-C-1] o.a.k.c.c.internals.ConsumerCoordinator  : [Consumer clientId=consumer-elastic-group-4, groupId=elastic-group] Request joining group due to: need to re-join with the given member-id: consumer-elastic-group-4-b5680ae0-d010-49cf-ab19-6d676a274c98
2026-07-04T11:26:20.764+05:30  INFO 8635 --- [TWEET-SERVICE] [ntainer#5-0-C-1] o.a.k.c.c.internals.ConsumerCoordinator  : [Consumer clientId=consumer-tweet-group-7, groupId=tweet-group] Request joining group due to: need to re-join with the given member-id: consumer-tweet-group-7-44ce927a-d277-4d44-8c3a-09729afade65
2026-07-04T11:26:20.764+05:30  INFO 8635 --- [TWEET-SERVICE] [ntainer#1-0-C-1] o.a.k.c.c.internals.ConsumerCoordinator  : [Consumer clientId=consumer-elastic-group-9, groupId=elastic-group] (Re-)joining group
2026-07-04T11:26:20.765+05:30  INFO 8635 --- [TWEET-SERVICE] [ntainer#5-0-C-1] o.a.k.c.c.internals.ConsumerCoordinator  : [Consumer clientId=consumer-tweet-group-7, groupId=tweet-group] (Re-)joining group
2026-07-04T11:26:20.765+05:30  INFO 8635 --- [TWEET-SERVICE] [ntainer#2-0-C-1] o.a.k.c.c.internals.ConsumerCoordinator  : [Consumer clientId=consumer-elastic-group-4, groupId=elastic-group] (Re-)joining group
2026-07-04T11:26:20.767+05:30  INFO 8635 --- [TWEET-SERVICE] [ntainer#0-0-C-1] o.a.k.c.c.internals.ConsumerCoordinator  : [Consumer clientId=consumer-elastic-group-8, groupId=elastic-group] Request joining group due to: need to re-join with the given member-id: consumer-elastic-group-8-35d3c8f2-378e-4316-ae43-df6852765f67
2026-07-04T11:26:20.768+05:30  INFO 8635 --- [TWEET-SERVICE] [ntainer#4-0-C-1] o.a.k.c.c.internals.ConsumerCoordinator  : [Consumer clientId=consumer-tweet-group-6, groupId=tweet-group] Request joining group due to: need to re-join with the given member-id: consumer-tweet-group-6-cab15f39-b9f9-443d-82f1-39537443bdf3
2026-07-04T11:26:20.769+05:30  INFO 8635 --- [TWEET-SERVICE] [ntainer#0-0-C-1] o.a.k.c.c.internals.ConsumerCoordinator  : [Consumer clientId=consumer-elastic-group-8, groupId=elastic-group] (Re-)joining group
2026-07-04T11:26:20.771+05:30  INFO 8635 --- [TWEET-SERVICE] [ntainer#4-0-C-1] o.a.k.c.c.internals.ConsumerCoordinator  : [Consumer clientId=consumer-tweet-group-6, groupId=tweet-group] (Re-)joining group
2026-07-04T11:26:20.771+05:30  INFO 8635 --- [TWEET-SERVICE] [ntainer#7-0-C-1] o.a.k.c.c.internals.ConsumerCoordinator  : [Consumer clientId=consumer-tweet-group-2, groupId=tweet-group] Request joining group due to: need to re-join with the given member-id: consumer-tweet-group-2-8b650992-43e5-4cc4-9366-4e32ce3a5d84
2026-07-04T11:26:20.772+05:30  INFO 8635 --- [TWEET-SERVICE] [ntainer#7-0-C-1] o.a.k.c.c.internals.ConsumerCoordinator  : [Consumer clientId=consumer-tweet-group-2, groupId=tweet-group] (Re-)joining group
2026-07-04T11:26:20.772+05:30  INFO 8635 --- [TWEET-SERVICE] [ntainer#3-0-C-1] o.a.k.c.c.internals.ConsumerCoordinator  : [Consumer clientId=consumer-tweet-group-5, groupId=tweet-group] Request joining group due to: need to re-join with the given member-id: consumer-tweet-group-5-2de896a7-2a4d-47d9-8c24-361d4ea5ffb9
2026-07-04T11:26:20.774+05:30  INFO 8635 --- [TWEET-SERVICE] [ntainer#3-0-C-1] o.a.k.c.c.internals.ConsumerCoordinator  : [Consumer clientId=consumer-tweet-group-5, groupId=tweet-group] (Re-)joining group
2026-07-04T11:26:22.262+05:30  INFO 8635 --- [TWEET-SERVICE] [  restartedMain] c.t.t.s.events.consumer.ElasticConsumer  : Successfully synced 6 tweets to Elasticsearch index
2026-07-04T11:26:26.780+05:30  INFO 8635 --- [TWEET-SERVICE] [ntainer#7-0-C-1] o.a.k.c.c.internals.ConsumerCoordinator  : [Consumer clientId=consumer-tweet-group-2, groupId=tweet-group] Successfully joined group with generation Generation{generationId=20, memberId='consumer-tweet-group-2-8b650992-43e5-4cc4-9366-4e32ce3a5d84', protocol='range'}
2026-07-04T11:26:26.781+05:30  INFO 8635 --- [TWEET-SERVICE] [ntainer#3-0-C-1] o.a.k.c.c.internals.ConsumerCoordinator  : [Consumer clientId=consumer-tweet-group-5, groupId=tweet-group] Successfully joined group with generation Generation{generationId=20, memberId='consumer-tweet-group-5-2de896a7-2a4d-47d9-8c24-361d4ea5ffb9', protocol='range'}
2026-07-04T11:26:26.780+05:30  INFO 8635 --- [TWEET-SERVICE] [ntainer#6-0-C-1] o.a.k.c.c.internals.ConsumerCoordinator  : [Consumer clientId=consumer-tweet-group-1, groupId=tweet-group] Successfully joined group with generation Generation{generationId=20, memberId='consumer-tweet-group-1-3b839d49-2a8b-4a59-830e-d0417c629358', protocol='range'}
2026-07-04T11:26:26.780+05:30  INFO 8635 --- [TWEET-SERVICE] [ntainer#1-0-C-1] o.a.k.c.c.internals.ConsumerCoordinator  : [Consumer clientId=consumer-elastic-group-9, groupId=elastic-group] Successfully joined group with generation Generation{generationId=20, memberId='consumer-elastic-group-9-b493471e-f439-44b9-be12-da7eb8169109', protocol='range'}
2026-07-04T11:26:26.781+05:30  INFO 8635 --- [TWEET-SERVICE] [ntainer#2-0-C-1] o.a.k.c.c.internals.ConsumerCoordinator  : [Consumer clientId=consumer-elastic-group-4, groupId=elastic-group] Successfully joined group with generation Generation{generationId=20, memberId='consumer-elastic-group-4-b5680ae0-d010-49cf-ab19-6d676a274c98', protocol='range'}
2026-07-04T11:26:26.781+05:30  INFO 8635 --- [TWEET-SERVICE] [ntainer#0-0-C-1] o.a.k.c.c.internals.ConsumerCoordinator  : [Consumer clientId=consumer-elastic-group-8, groupId=elastic-group] Successfully joined group with generation Generation{generationId=20, memberId='consumer-elastic-group-8-35d3c8f2-378e-4316-ae43-df6852765f67', protocol='range'}
2026-07-04T11:26:26.780+05:30  INFO 8635 --- [TWEET-SERVICE] [ntainer#5-0-C-1] o.a.k.c.c.internals.ConsumerCoordinator  : [Consumer clientId=consumer-tweet-group-7, groupId=tweet-group] Successfully joined group with generation Generation{generationId=20, memberId='consumer-tweet-group-7-44ce927a-d277-4d44-8c3a-09729afade65', protocol='range'}
2026-07-04T11:26:26.780+05:30  INFO 8635 --- [TWEET-SERVICE] [ntainer#4-0-C-1] o.a.k.c.c.internals.ConsumerCoordinator  : [Consumer clientId=consumer-tweet-group-6, groupId=tweet-group] Successfully joined group with generation Generation{generationId=20, memberId='consumer-tweet-group-6-cab15f39-b9f9-443d-82f1-39537443bdf3', protocol='range'}
2026-07-04T11:26:26.781+05:30  INFO 8635 --- [TWEET-SERVICE] [ntainer#8-0-C-1] o.a.k.c.c.internals.ConsumerCoordinator  : [Consumer clientId=consumer-tweet-group-3, groupId=tweet-group] Successfully joined group with generation Generation{generationId=20, memberId='consumer-tweet-group-3-5b813c64-c1d2-4ce9-b2d6-3312501849ce', protocol='range'}
2026-07-04T11:26:26.820+05:30  INFO 8635 --- [TWEET-SERVICE] [ntainer#1-0-C-1] o.a.k.c.c.internals.ConsumerCoordinator  : [Consumer clientId=consumer-elastic-group-9, groupId=elastic-group] Finished assignment for group at generation 20: {consumer-elastic-group-4-b5680ae0-d010-49cf-ab19-6d676a274c98=Assignment(partitions=[tweet-deleted-topic-0]), consumer-elastic-group-9-b493471e-f439-44b9-be12-da7eb8169109=Assignment(partitions=[tweet-updated-topic-0]), consumer-elastic-group-8-35d3c8f2-378e-4316-ae43-df6852765f67=Assignment(partitions=[tweet-created-topic-0])}
2026-07-04T11:26:26.822+05:30  INFO 8635 --- [TWEET-SERVICE] [ntainer#8-0-C-1] o.a.k.c.c.internals.ConsumerCoordinator  : [Consumer clientId=consumer-tweet-group-3, groupId=tweet-group] Finished assignment for group at generation 20: {consumer-tweet-group-6-cab15f39-b9f9-443d-82f1-39537443bdf3=Assignment(partitions=[tweet-replied-topic-0]), consumer-tweet-group-2-8b650992-43e5-4cc4-9366-4e32ce3a5d84=Assignment(partitions=[tweet-reply-deleted-topic-0]), consumer-tweet-group-5-2de896a7-2a4d-47d9-8c24-361d4ea5ffb9=Assignment(partitions=[tweet-liked-topic-0]), consumer-tweet-group-7-44ce927a-d277-4d44-8c3a-09729afade65=Assignment(partitions=[tweet-retweeted-topic-0]), consumer-tweet-group-1-3b839d49-2a8b-4a59-830e-d0417c629358=Assignment(partitions=[tweet-unliked-topic-0]), consumer-tweet-group-3-5b813c64-c1d2-4ce9-b2d6-3312501849ce=Assignment(partitions=[tweet-retweet-removed-topic-0])}
2026-07-04T11:26:26.833+05:30  INFO 8635 --- [TWEET-SERVICE] [ntainer#0-0-C-1] o.a.k.c.c.internals.ConsumerCoordinator  : [Consumer clientId=consumer-elastic-group-8, groupId=elastic-group] Successfully synced group in generation Generation{generationId=20, memberId='consumer-elastic-group-8-35d3c8f2-378e-4316-ae43-df6852765f67', protocol='range'}
2026-07-04T11:26:26.833+05:30  INFO 8635 --- [TWEET-SERVICE] [ntainer#1-0-C-1] o.a.k.c.c.internals.ConsumerCoordinator  : [Consumer clientId=consumer-elastic-group-9, groupId=elastic-group] Successfully synced group in generation Generation{generationId=20, memberId='consumer-elastic-group-9-b493471e-f439-44b9-be12-da7eb8169109', protocol='range'}
2026-07-04T11:26:26.833+05:30  INFO 8635 --- [TWEET-SERVICE] [ntainer#2-0-C-1] o.a.k.c.c.internals.ConsumerCoordinator  : [Consumer clientId=consumer-elastic-group-4, groupId=elastic-group] Successfully synced group in generation Generation{generationId=20, memberId='consumer-elastic-group-4-b5680ae0-d010-49cf-ab19-6d676a274c98', protocol='range'}
2026-07-04T11:26:26.835+05:30  INFO 8635 --- [TWEET-SERVICE] [ntainer#6-0-C-1] o.a.k.c.c.internals.ConsumerCoordinator  : [Consumer clientId=consumer-tweet-group-1, groupId=tweet-group] Successfully synced group in generation Generation{generationId=20, memberId='consumer-tweet-group-1-3b839d49-2a8b-4a59-830e-d0417c629358', protocol='range'}
2026-07-04T11:26:26.835+05:30  INFO 8635 --- [TWEET-SERVICE] [ntainer#1-0-C-1] o.a.k.c.c.internals.ConsumerCoordinator  : [Consumer clientId=consumer-elastic-group-9, groupId=elastic-group] Notifying assignor about the new Assignment(partitions=[tweet-updated-topic-0])
2026-07-04T11:26:26.835+05:30  INFO 8635 --- [TWEET-SERVICE] [ntainer#2-0-C-1] o.a.k.c.c.internals.ConsumerCoordinator  : [Consumer clientId=consumer-elastic-group-4, groupId=elastic-group] Notifying assignor about the new Assignment(partitions=[tweet-deleted-topic-0])
2026-07-04T11:26:26.836+05:30  INFO 8635 --- [TWEET-SERVICE] [ntainer#3-0-C-1] o.a.k.c.c.internals.ConsumerCoordinator  : [Consumer clientId=consumer-tweet-group-5, groupId=tweet-group] Successfully synced group in generation Generation{generationId=20, memberId='consumer-tweet-group-5-2de896a7-2a4d-47d9-8c24-361d4ea5ffb9', protocol='range'}
2026-07-04T11:26:26.836+05:30  INFO 8635 --- [TWEET-SERVICE] [ntainer#6-0-C-1] o.a.k.c.c.internals.ConsumerCoordinator  : [Consumer clientId=consumer-tweet-group-1, groupId=tweet-group] Notifying assignor about the new Assignment(partitions=[tweet-unliked-topic-0])
2026-07-04T11:26:26.836+05:30  INFO 8635 --- [TWEET-SERVICE] [ntainer#7-0-C-1] o.a.k.c.c.internals.ConsumerCoordinator  : [Consumer clientId=consumer-tweet-group-2, groupId=tweet-group] Successfully synced group in generation Generation{generationId=20, memberId='consumer-tweet-group-2-8b650992-43e5-4cc4-9366-4e32ce3a5d84', protocol='range'}
2026-07-04T11:26:26.836+05:30  INFO 8635 --- [TWEET-SERVICE] [ntainer#0-0-C-1] o.a.k.c.c.internals.ConsumerCoordinator  : [Consumer clientId=consumer-elastic-group-8, groupId=elastic-group] Notifying assignor about the new Assignment(partitions=[tweet-created-topic-0])
2026-07-04T11:26:26.835+05:30  INFO 8635 --- [TWEET-SERVICE] [ntainer#4-0-C-1] o.a.k.c.c.internals.ConsumerCoordinator  : [Consumer clientId=consumer-tweet-group-6, groupId=tweet-group] Successfully synced group in generation Generation{generationId=20, memberId='consumer-tweet-group-6-cab15f39-b9f9-443d-82f1-39537443bdf3', protocol='range'}
2026-07-04T11:26:26.836+05:30  INFO 8635 --- [TWEET-SERVICE] [ntainer#3-0-C-1] o.a.k.c.c.internals.ConsumerCoordinator  : [Consumer clientId=consumer-tweet-group-5, groupId=tweet-group] Notifying assignor about the new Assignment(partitions=[tweet-liked-topic-0])
2026-07-04T11:26:26.835+05:30  INFO 8635 --- [TWEET-SERVICE] [ntainer#5-0-C-1] o.a.k.c.c.internals.ConsumerCoordinator  : [Consumer clientId=consumer-tweet-group-7, groupId=tweet-group] Successfully synced group in generation Generation{generationId=20, memberId='consumer-tweet-group-7-44ce927a-d277-4d44-8c3a-09729afade65', protocol='range'}
2026-07-04T11:26:26.836+05:30  INFO 8635 --- [TWEET-SERVICE] [ntainer#4-0-C-1] o.a.k.c.c.internals.ConsumerCoordinator  : [Consumer clientId=consumer-tweet-group-6, groupId=tweet-group] Notifying assignor about the new Assignment(partitions=[tweet-replied-topic-0])
2026-07-04T11:26:26.836+05:30  INFO 8635 --- [TWEET-SERVICE] [ntainer#7-0-C-1] o.a.k.c.c.internals.ConsumerCoordinator  : [Consumer clientId=consumer-tweet-group-2, groupId=tweet-group] Notifying assignor about the new Assignment(partitions=[tweet-reply-deleted-topic-0])
2026-07-04T11:26:26.835+05:30  INFO 8635 --- [TWEET-SERVICE] [ntainer#8-0-C-1] o.a.k.c.c.internals.ConsumerCoordinator  : [Consumer clientId=consumer-tweet-group-3, groupId=tweet-group] Successfully synced group in generation Generation{generationId=20, memberId='consumer-tweet-group-3-5b813c64-c1d2-4ce9-b2d6-3312501849ce', protocol='range'}
2026-07-04T11:26:26.837+05:30  INFO 8635 --- [TWEET-SERVICE] [ntainer#8-0-C-1] o.a.k.c.c.internals.ConsumerCoordinator  : [Consumer clientId=consumer-tweet-group-3, groupId=tweet-group] Notifying assignor about the new Assignment(partitions=[tweet-retweet-removed-topic-0])
2026-07-04T11:26:26.837+05:30  INFO 8635 --- [TWEET-SERVICE] [ntainer#5-0-C-1] o.a.k.c.c.internals.ConsumerCoordinator  : [Consumer clientId=consumer-tweet-group-7, groupId=tweet-group] Notifying assignor about the new Assignment(partitions=[tweet-retweeted-topic-0])
2026-07-04T11:26:26.845+05:30  INFO 8635 --- [TWEET-SERVICE] [ntainer#3-0-C-1] k.c.c.i.ConsumerRebalanceListenerInvoker : [Consumer clientId=consumer-tweet-group-5, groupId=tweet-group] Adding newly assigned partitions: [tweet-liked-topic-0]
2026-07-04T11:26:26.845+05:30  INFO 8635 --- [TWEET-SERVICE] [ntainer#1-0-C-1] k.c.c.i.ConsumerRebalanceListenerInvoker : [Consumer clientId=consumer-elastic-group-9, groupId=elastic-group] Adding newly assigned partitions: [tweet-updated-topic-0]
2026-07-04T11:26:26.845+05:30  INFO 8635 --- [TWEET-SERVICE] [ntainer#5-0-C-1] k.c.c.i.ConsumerRebalanceListenerInvoker : [Consumer clientId=consumer-tweet-group-7, groupId=tweet-group] Adding newly assigned partitions: [tweet-retweeted-topic-0]
2026-07-04T11:26:26.845+05:30  INFO 8635 --- [TWEET-SERVICE] [ntainer#2-0-C-1] k.c.c.i.ConsumerRebalanceListenerInvoker : [Consumer clientId=consumer-elastic-group-4, groupId=elastic-group] Adding newly assigned partitions: [tweet-deleted-topic-0]
2026-07-04T11:26:26.846+05:30  INFO 8635 --- [TWEET-SERVICE] [ntainer#0-0-C-1] k.c.c.i.ConsumerRebalanceListenerInvoker : [Consumer clientId=consumer-elastic-group-8, groupId=elastic-group] Adding newly assigned partitions: [tweet-created-topic-0]
2026-07-04T11:26:26.845+05:30  INFO 8635 --- [TWEET-SERVICE] [ntainer#7-0-C-1] k.c.c.i.ConsumerRebalanceListenerInvoker : [Consumer clientId=consumer-tweet-group-2, groupId=tweet-group] Adding newly assigned partitions: [tweet-reply-deleted-topic-0]
2026-07-04T11:26:26.845+05:30  INFO 8635 --- [TWEET-SERVICE] [ntainer#8-0-C-1] k.c.c.i.ConsumerRebalanceListenerInvoker : [Consumer clientId=consumer-tweet-group-3, groupId=tweet-group] Adding newly assigned partitions: [tweet-retweet-removed-topic-0]
2026-07-04T11:26:26.846+05:30  INFO 8635 --- [TWEET-SERVICE] [ntainer#4-0-C-1] k.c.c.i.ConsumerRebalanceListenerInvoker : [Consumer clientId=consumer-tweet-group-6, groupId=tweet-group] Adding newly assigned partitions: [tweet-replied-topic-0]
2026-07-04T11:26:26.847+05:30  INFO 8635 --- [TWEET-SERVICE] [ntainer#6-0-C-1] k.c.c.i.ConsumerRebalanceListenerInvoker : [Consumer clientId=consumer-tweet-group-1, groupId=tweet-group] Adding newly assigned partitions: [tweet-unliked-topic-0]
2026-07-04T11:26:26.879+05:30  INFO 8635 --- [TWEET-SERVICE] [ntainer#0-0-C-1] o.a.k.c.c.internals.ConsumerUtils        : Setting offset for partition tweet-created-topic-0 to the committed offset FetchPosition{offset=6, offsetEpoch=Optional.empty, currentLeader=LeaderAndEpoch{leader=Optional[localhost:9092 (id: 1 rack: null isFenced: false)], epoch=54}}
2026-07-04T11:26:26.879+05:30  INFO 8635 --- [TWEET-SERVICE] [ntainer#7-0-C-1] o.a.k.c.c.internals.ConsumerUtils        : Setting offset for partition tweet-reply-deleted-topic-0 to the committed offset FetchPosition{offset=0, offsetEpoch=Optional.empty, currentLeader=LeaderAndEpoch{leader=Optional[localhost:9092 (id: 1 rack: null isFenced: false)], epoch=54}}
2026-07-04T11:26:26.880+05:30  INFO 8635 --- [TWEET-SERVICE] [ntainer#3-0-C-1] o.a.k.c.c.internals.ConsumerUtils        : Setting offset for partition tweet-liked-topic-0 to the committed offset FetchPosition{offset=3, offsetEpoch=Optional.empty, currentLeader=LeaderAndEpoch{leader=Optional[localhost:9092 (id: 1 rack: null isFenced: false)], epoch=54}}
2026-07-04T11:26:26.879+05:30  INFO 8635 --- [TWEET-SERVICE] [ntainer#5-0-C-1] o.a.k.c.c.internals.ConsumerUtils        : Setting offset for partition tweet-retweeted-topic-0 to the committed offset FetchPosition{offset=4, offsetEpoch=Optional.empty, currentLeader=LeaderAndEpoch{leader=Optional[localhost:9092 (id: 1 rack: null isFenced: false)], epoch=54}}
2026-07-04T11:26:26.879+05:30  INFO 8635 --- [TWEET-SERVICE] [ntainer#1-0-C-1] o.a.k.c.c.internals.ConsumerUtils        : Setting offset for partition tweet-updated-topic-0 to the committed offset FetchPosition{offset=0, offsetEpoch=Optional.empty, currentLeader=LeaderAndEpoch{leader=Optional[localhost:9092 (id: 1 rack: null isFenced: false)], epoch=54}}
2026-07-04T11:26:26.879+05:30  INFO 8635 --- [TWEET-SERVICE] [ntainer#4-0-C-1] o.a.k.c.c.internals.ConsumerUtils        : Setting offset for partition tweet-replied-topic-0 to the committed offset FetchPosition{offset=0, offsetEpoch=Optional.empty, currentLeader=LeaderAndEpoch{leader=Optional[localhost:9092 (id: 1 rack: null isFenced: false)], epoch=54}}
2026-07-04T11:26:26.879+05:30  INFO 8635 --- [TWEET-SERVICE] [ntainer#8-0-C-1] o.a.k.c.c.internals.ConsumerUtils        : Setting offset for partition tweet-retweet-removed-topic-0 to the committed offset FetchPosition{offset=2, offsetEpoch=Optional.empty, currentLeader=LeaderAndEpoch{leader=Optional[localhost:9092 (id: 1 rack: null isFenced: false)], epoch=54}}
2026-07-04T11:26:26.879+05:30  INFO 8635 --- [TWEET-SERVICE] [ntainer#2-0-C-1] o.a.k.c.c.internals.ConsumerUtils        : Setting offset for partition tweet-deleted-topic-0 to the committed offset FetchPosition{offset=0, offsetEpoch=Optional.empty, currentLeader=LeaderAndEpoch{leader=Optional[localhost:9092 (id: 1 rack: null isFenced: false)], epoch=54}}
2026-07-04T11:26:26.879+05:30  INFO 8635 --- [TWEET-SERVICE] [ntainer#6-0-C-1] o.a.k.c.c.internals.ConsumerUtils        : Setting offset for partition tweet-unliked-topic-0 to the committed offset FetchPosition{offset=3, offsetEpoch=Optional.empty, currentLeader=LeaderAndEpoch{leader=Optional[localhost:9092 (id: 1 rack: null isFenced: false)], epoch=54}}
2026-07-04T11:26:26.889+05:30  INFO 8635 --- [TWEET-SERVICE] [ntainer#8-0-C-1] o.s.k.l.KafkaMessageListenerContainer    : tweet-group: partitions assigned: [tweet-retweet-removed-topic-0]
2026-07-04T11:26:26.889+05:30  INFO 8635 --- [TWEET-SERVICE] [ntainer#5-0-C-1] o.s.k.l.KafkaMessageListenerContainer    : tweet-group: partitions assigned: [tweet-retweeted-topic-0]
2026-07-04T11:26:26.889+05:30  INFO 8635 --- [TWEET-SERVICE] [ntainer#2-0-C-1] o.s.k.l.KafkaMessageListenerContainer    : elastic-group: partitions assigned: [tweet-deleted-topic-0]
2026-07-04T11:26:26.890+05:30  INFO 8635 --- [TWEET-SERVICE] [ntainer#7-0-C-1] o.s.k.l.KafkaMessageListenerContainer    : tweet-group: partitions assigned: [tweet-reply-deleted-topic-0]
2026-07-04T11:26:26.889+05:30  INFO 8635 --- [TWEET-SERVICE] [ntainer#1-0-C-1] o.s.k.l.KafkaMessageListenerContainer    : elastic-group: partitions assigned: [tweet-updated-topic-0]
2026-07-04T11:26:26.890+05:30  INFO 8635 --- [TWEET-SERVICE] [ntainer#0-0-C-1] o.s.k.l.KafkaMessageListenerContainer    : elastic-group: partitions assigned: [tweet-created-topic-0]
2026-07-04T11:26:26.988+05:30  INFO 8635 --- [TWEET-SERVICE] [ntainer#3-0-C-1] o.s.k.l.KafkaMessageListenerContainer    : tweet-group: partitions assigned: [tweet-liked-topic-0]
2026-07-04T11:26:26.990+05:30  INFO 8635 --- [TWEET-SERVICE] [ntainer#4-0-C-1] o.s.k.l.KafkaMessageListenerContainer    : tweet-group: partitions assigned: [tweet-replied-topic-0]
2026-07-04T11:26:26.990+05:30  INFO 8635 --- [TWEET-SERVICE] [ntainer#6-0-C-1] o.s.k.l.KafkaMessageListenerContainer    : tweet-group: partitions assigned: [tweet-unliked-topic-0]
2026-07-04T11:30:00.491+05:30  INFO 8635 --- [TWEET-SERVICE] [ionShutdownHook] o.s.c.n.e.s.EurekaServiceRegistry        : Unregistering application TWEET-SERVICE with eureka with status DOWN
2026-07-04T11:30:00.496+05:30  INFO 8635 --- [TWEET-SERVICE] [ionShutdownHook] com.netflix.discovery.DiscoveryClient    : Saw local status change event StatusChangeEvent [timestamp=1783144800496, current=DOWN, previous=UP]
2026-07-04T11:30:00.503+05:30  INFO 8635 --- [TWEET-SERVICE] [foReplicator-%d] com.netflix.discovery.DiscoveryClient    : DiscoveryClient_TWEET-SERVICE/10.10.3.10:TWEET-SERVICE:8085: registering service...
2026-07-04T11:30:00.539+05:30  INFO 8635 --- [TWEET-SERVICE] [ntainer#2-0-C-1] k.c.c.i.ConsumerRebalanceListenerInvoker : [Consumer clientId=consumer-elastic-group-4, groupId=elastic-group] Revoke previously assigned partitions [tweet-deleted-topic-0]
2026-07-04T11:30:00.539+05:30  INFO 8635 --- [TWEET-SERVICE] [ntainer#3-0-C-1] k.c.c.i.ConsumerRebalanceListenerInvoker : [Consumer clientId=consumer-tweet-group-5, groupId=tweet-group] Revoke previously assigned partitions [tweet-liked-topic-0]
2026-07-04T11:30:00.539+05:30  INFO 8635 --- [TWEET-SERVICE] [ntainer#8-0-C-1] k.c.c.i.ConsumerRebalanceListenerInvoker : [Consumer clientId=consumer-tweet-group-3, groupId=tweet-group] Revoke previously assigned partitions [tweet-retweet-removed-topic-0]
2026-07-04T11:30:00.539+05:30  INFO 8635 --- [TWEET-SERVICE] [ntainer#1-0-C-1] k.c.c.i.ConsumerRebalanceListenerInvoker : [Consumer clientId=consumer-elastic-group-9, groupId=elastic-group] Revoke previously assigned partitions [tweet-updated-topic-0]
2026-07-04T11:30:00.540+05:30  INFO 8635 --- [TWEET-SERVICE] [ntainer#5-0-C-1] k.c.c.i.ConsumerRebalanceListenerInvoker : [Consumer clientId=consumer-tweet-group-7, groupId=tweet-group] Revoke previously assigned partitions [tweet-retweeted-topic-0]
2026-07-04T11:30:00.540+05:30  INFO 8635 --- [TWEET-SERVICE] [ntainer#6-0-C-1] k.c.c.i.ConsumerRebalanceListenerInvoker : [Consumer clientId=consumer-tweet-group-1, groupId=tweet-group] Revoke previously assigned partitions [tweet-unliked-topic-0]
2026-07-04T11:30:00.542+05:30  INFO 8635 --- [TWEET-SERVICE] [ntainer#7-0-C-1] k.c.c.i.ConsumerRebalanceListenerInvoker : [Consumer clientId=consumer-tweet-group-2, groupId=tweet-group] Revoke previously assigned partitions [tweet-reply-deleted-topic-0]
2026-07-04T11:30:00.543+05:30  INFO 8635 --- [TWEET-SERVICE] [ntainer#0-0-C-1] k.c.c.i.ConsumerRebalanceListenerInvoker : [Consumer clientId=consumer-elastic-group-8, groupId=elastic-group] Revoke previously assigned partitions [tweet-created-topic-0]
2026-07-04T11:30:00.544+05:30  INFO 8635 --- [TWEET-SERVICE] [ntainer#7-0-C-1] o.s.k.l.KafkaMessageListenerContainer    : tweet-group: partitions revoked: [tweet-reply-deleted-topic-0]
2026-07-04T11:30:00.544+05:30  INFO 8635 --- [TWEET-SERVICE] [ntainer#0-0-C-1] o.s.k.l.KafkaMessageListenerContainer    : elastic-group: partitions revoked: [tweet-created-topic-0]
2026-07-04T11:30:00.545+05:30  INFO 8635 --- [TWEET-SERVICE] [ntainer#6-0-C-1] o.s.k.l.KafkaMessageListenerContainer    : tweet-group: partitions revoked: [tweet-unliked-topic-0]
2026-07-04T11:30:00.545+05:30  INFO 8635 --- [TWEET-SERVICE] [ntainer#8-0-C-1] o.s.k.l.KafkaMessageListenerContainer    : tweet-group: partitions revoked: [tweet-retweet-removed-topic-0]
2026-07-04T11:30:00.545+05:30  INFO 8635 --- [TWEET-SERVICE] [ntainer#1-0-C-1] o.s.k.l.KafkaMessageListenerContainer    : elastic-group: partitions revoked: [tweet-updated-topic-0]
2026-07-04T11:30:00.546+05:30  INFO 8635 --- [TWEET-SERVICE] [ntainer#3-0-C-1] o.s.k.l.KafkaMessageListenerContainer    : tweet-group: partitions revoked: [tweet-liked-topic-0]
2026-07-04T11:30:00.546+05:30  INFO 8635 --- [TWEET-SERVICE] [ntainer#2-0-C-1] o.s.k.l.KafkaMessageListenerContainer    : elastic-group: partitions revoked: [tweet-deleted-topic-0]
2026-07-04T11:30:00.547+05:30  INFO 8635 --- [TWEET-SERVICE] [ntainer#4-0-C-1] k.c.c.i.ConsumerRebalanceListenerInvoker : [Consumer clientId=consumer-tweet-group-6, groupId=tweet-group] Revoke previously assigned partitions [tweet-replied-topic-0]
2026-07-04T11:30:00.547+05:30  INFO 8635 --- [TWEET-SERVICE] [ntainer#4-0-C-1] o.s.k.l.KafkaMessageListenerContainer    : tweet-group: partitions revoked: [tweet-replied-topic-0]
2026-07-04T11:30:00.551+05:30  INFO 8635 --- [TWEET-SERVICE] [ntainer#5-0-C-1] o.s.k.l.KafkaMessageListenerContainer    : tweet-group: partitions revoked: [tweet-retweeted-topic-0]
2026-07-04T11:30:00.555+05:30  INFO 8635 --- [TWEET-SERVICE] [ntainer#6-0-C-1] o.a.k.c.c.internals.ConsumerCoordinator  : [Consumer clientId=consumer-tweet-group-1, groupId=tweet-group] Member consumer-tweet-group-1-3b839d49-2a8b-4a59-830e-d0417c629358 sending LeaveGroup request to coordinator localhost:9092 (id: 2147483646 rack: null isFenced: false) due to the consumer unsubscribed from all topics
2026-07-04T11:30:00.555+05:30  INFO 8635 --- [TWEET-SERVICE] [ntainer#5-0-C-1] o.a.k.c.c.internals.ConsumerCoordinator  : [Consumer clientId=consumer-tweet-group-7, groupId=tweet-group] Member consumer-tweet-group-7-44ce927a-d277-4d44-8c3a-09729afade65 sending LeaveGroup request to coordinator localhost:9092 (id: 2147483646 rack: null isFenced: false) due to the consumer unsubscribed from all topics
2026-07-04T11:30:00.554+05:30  INFO 8635 --- [TWEET-SERVICE] [ntainer#0-0-C-1] o.a.k.c.c.internals.ConsumerCoordinator  : [Consumer clientId=consumer-elastic-group-8, groupId=elastic-group] Member consumer-elastic-group-8-35d3c8f2-378e-4316-ae43-df6852765f67 sending LeaveGroup request to coordinator localhost:9092 (id: 2147483646 rack: null isFenced: false) due to the consumer unsubscribed from all topics
2026-07-04T11:30:00.560+05:30  INFO 8635 --- [TWEET-SERVICE] [ntainer#8-0-C-1] o.a.k.c.c.internals.ConsumerCoordinator  : [Consumer clientId=consumer-tweet-group-3, groupId=tweet-group] Member consumer-tweet-group-3-5b813c64-c1d2-4ce9-b2d6-3312501849ce sending LeaveGroup request to coordinator localhost:9092 (id: 2147483646 rack: null isFenced: false) due to the consumer unsubscribed from all topics
2026-07-04T11:30:00.563+05:30  INFO 8635 --- [TWEET-SERVICE] [foReplicator-%d] com.netflix.discovery.DiscoveryClient    : DiscoveryClient_TWEET-SERVICE/10.10.3.10:TWEET-SERVICE:8085 - registration status: 204
2026-07-04T11:30:00.566+05:30  INFO 8635 --- [TWEET-SERVICE] [ntainer#4-0-C-1] o.a.k.c.c.internals.ConsumerCoordinator  : [Consumer clientId=consumer-tweet-group-6, groupId=tweet-group] Member consumer-tweet-group-6-cab15f39-b9f9-443d-82f1-39537443bdf3 sending LeaveGroup request to coordinator localhost:9092 (id: 2147483646 rack: null isFenced: false) due to the consumer unsubscribed from all topics
2026-07-04T11:30:00.566+05:30  INFO 8635 --- [TWEET-SERVICE] [ntainer#5-0-C-1] o.a.k.c.c.internals.ConsumerCoordinator  : [Consumer clientId=consumer-tweet-group-7, groupId=tweet-group] Resetting generation and member id due to: consumer pro-actively leaving the group
2026-07-04T11:30:00.567+05:30  INFO 8635 --- [TWEET-SERVICE] [ntainer#5-0-C-1] o.a.k.c.c.internals.ConsumerCoordinator  : [Consumer clientId=consumer-tweet-group-7, groupId=tweet-group] Request joining group due to: consumer pro-actively leaving the group
2026-07-04T11:30:00.568+05:30  INFO 8635 --- [TWEET-SERVICE] [ntainer#7-0-C-1] o.a.k.c.c.internals.ConsumerCoordinator  : [Consumer clientId=consumer-tweet-group-2, groupId=tweet-group] Member consumer-tweet-group-2-8b650992-43e5-4cc4-9366-4e32ce3a5d84 sending LeaveGroup request to coordinator localhost:9092 (id: 2147483646 rack: null isFenced: false) due to the consumer unsubscribed from all topics
2026-07-04T11:30:00.568+05:30  INFO 8635 --- [TWEET-SERVICE] [ntainer#5-0-C-1] o.a.k.c.c.i.ClassicKafkaConsumer         : [Consumer clientId=consumer-tweet-group-7, groupId=tweet-group] Unsubscribed all topics or patterns and assigned partitions
2026-07-04T11:30:00.566+05:30  INFO 8635 --- [TWEET-SERVICE] [ntainer#2-0-C-1] o.a.k.c.c.internals.ConsumerCoordinator  : [Consumer clientId=consumer-elastic-group-4, groupId=elastic-group] Member consumer-elastic-group-4-b5680ae0-d010-49cf-ab19-6d676a274c98 sending LeaveGroup request to coordinator localhost:9092 (id: 2147483646 rack: null isFenced: false) due to the consumer unsubscribed from all topics
2026-07-04T11:30:00.569+05:30  INFO 8635 --- [TWEET-SERVICE] [ntainer#3-0-C-1] o.a.k.c.c.internals.ConsumerCoordinator  : [Consumer clientId=consumer-tweet-group-5, groupId=tweet-group] Member consumer-tweet-group-5-2de896a7-2a4d-47d9-8c24-361d4ea5ffb9 sending LeaveGroup request to coordinator localhost:9092 (id: 2147483646 rack: null isFenced: false) due to the consumer unsubscribed from all topics
2026-07-04T11:30:00.569+05:30  INFO 8635 --- [TWEET-SERVICE] [ntainer#1-0-C-1] o.a.k.c.c.internals.ConsumerCoordinator  : [Consumer clientId=consumer-elastic-group-9, groupId=elastic-group] Member consumer-elastic-group-9-b493471e-f439-44b9-be12-da7eb8169109 sending LeaveGroup request to coordinator localhost:9092 (id: 2147483646 rack: null isFenced: false) due to the consumer unsubscribed from all topics
2026-07-04T11:30:00.568+05:30  INFO 8635 --- [TWEET-SERVICE] [ntainer#4-0-C-1] o.a.k.c.c.internals.ConsumerCoordinator  : [Consumer clientId=consumer-tweet-group-6, groupId=tweet-group] Resetting generation and member id due to: consumer pro-actively leaving the group
2026-07-04T11:30:00.574+05:30  INFO 8635 --- [TWEET-SERVICE] [ntainer#4-0-C-1] o.a.k.c.c.internals.ConsumerCoordinator  : [Consumer clientId=consumer-tweet-group-6, groupId=tweet-group] Request joining group due to: consumer pro-actively leaving the group
2026-07-04T11:30:00.575+05:30  INFO 8635 --- [TWEET-SERVICE] [ntainer#4-0-C-1] o.a.k.c.c.i.ClassicKafkaConsumer         : [Consumer clientId=consumer-tweet-group-6, groupId=tweet-group] Unsubscribed all topics or patterns and assigned partitions
2026-07-04T11:30:00.577+05:30  INFO 8635 --- [TWEET-SERVICE] [ntainer#2-0-C-1] o.a.k.c.c.internals.ConsumerCoordinator  : [Consumer clientId=consumer-elastic-group-4, groupId=elastic-group] Resetting generation and member id due to: consumer pro-actively leaving the group
2026-07-04T11:30:00.578+05:30  INFO 8635 --- [TWEET-SERVICE] [ntainer#2-0-C-1] o.a.k.c.c.internals.ConsumerCoordinator  : [Consumer clientId=consumer-elastic-group-4, groupId=elastic-group] Request joining group due to: consumer pro-actively leaving the group
2026-07-04T11:30:00.578+05:30  INFO 8635 --- [TWEET-SERVICE] [ntainer#2-0-C-1] o.a.k.c.c.i.ClassicKafkaConsumer         : [Consumer clientId=consumer-elastic-group-4, groupId=elastic-group] Unsubscribed all topics or patterns and assigned partitions
2026-07-04T11:30:00.569+05:30  INFO 8635 --- [TWEET-SERVICE] [ntainer#7-0-C-1] o.a.k.c.c.internals.ConsumerCoordinator  : [Consumer clientId=consumer-tweet-group-2, groupId=tweet-group] Resetting generation and member id due to: consumer pro-actively leaving the group
2026-07-04T11:30:00.579+05:30  INFO 8635 --- [TWEET-SERVICE] [ntainer#7-0-C-1] o.a.k.c.c.internals.ConsumerCoordinator  : [Consumer clientId=consumer-tweet-group-2, groupId=tweet-group] Request joining group due to: consumer pro-actively leaving the group
2026-07-04T11:30:00.580+05:30  INFO 8635 --- [TWEET-SERVICE] [ntainer#7-0-C-1] o.a.k.c.c.i.ClassicKafkaConsumer         : [Consumer clientId=consumer-tweet-group-2, groupId=tweet-group] Unsubscribed all topics or patterns and assigned partitions
2026-07-04T11:30:00.580+05:30  INFO 8635 --- [TWEET-SERVICE] [ntainer#0-0-C-1] o.a.k.c.c.internals.ConsumerCoordinator  : [Consumer clientId=consumer-elastic-group-8, groupId=elastic-group] Resetting generation and member id due to: consumer pro-actively leaving the group
2026-07-04T11:30:00.580+05:30  INFO 8635 --- [TWEET-SERVICE] [ntainer#0-0-C-1] o.a.k.c.c.internals.ConsumerCoordinator  : [Consumer clientId=consumer-elastic-group-8, groupId=elastic-group] Request joining group due to: consumer pro-actively leaving the group
2026-07-04T11:30:00.580+05:30  INFO 8635 --- [TWEET-SERVICE] [ntainer#0-0-C-1] o.a.k.c.c.i.ClassicKafkaConsumer         : [Consumer clientId=consumer-elastic-group-8, groupId=elastic-group] Unsubscribed all topics or patterns and assigned partitions
2026-07-04T11:30:00.570+05:30  INFO 8635 --- [TWEET-SERVICE] [ntainer#1-0-C-1] o.a.k.c.c.internals.ConsumerCoordinator  : [Consumer clientId=consumer-elastic-group-9, groupId=elastic-group] Resetting generation and member id due to: consumer pro-actively leaving the group
2026-07-04T11:30:00.573+05:30  INFO 8635 --- [TWEET-SERVICE] [ntainer#3-0-C-1] o.a.k.c.c.internals.ConsumerCoordinator  : [Consumer clientId=consumer-tweet-group-5, groupId=tweet-group] Resetting generation and member id due to: consumer pro-actively leaving the group
2026-07-04T11:30:00.583+05:30  INFO 8635 --- [TWEET-SERVICE] [ntainer#1-0-C-1] o.a.k.c.c.internals.ConsumerCoordinator  : [Consumer clientId=consumer-elastic-group-9, groupId=elastic-group] Request joining group due to: consumer pro-actively leaving the group
2026-07-04T11:30:00.583+05:30  INFO 8635 --- [TWEET-SERVICE] [ntainer#3-0-C-1] o.a.k.c.c.internals.ConsumerCoordinator  : [Consumer clientId=consumer-tweet-group-5, groupId=tweet-group] Request joining group due to: consumer pro-actively leaving the group
2026-07-04T11:30:00.583+05:30  INFO 8635 --- [TWEET-SERVICE] [ntainer#1-0-C-1] o.a.k.c.c.i.ClassicKafkaConsumer         : [Consumer clientId=consumer-elastic-group-9, groupId=elastic-group] Unsubscribed all topics or patterns and assigned partitions
2026-07-04T11:30:00.581+05:30  INFO 8635 --- [TWEET-SERVICE] [ntainer#6-0-C-1] o.a.k.c.c.internals.ConsumerCoordinator  : [Consumer clientId=consumer-tweet-group-1, groupId=tweet-group] Resetting generation and member id due to: consumer pro-actively leaving the group
2026-07-04T11:30:00.588+05:30  INFO 8635 --- [TWEET-SERVICE] [ntainer#2-0-C-1] o.a.k.c.c.internals.ConsumerCoordinator  : [Consumer clientId=consumer-elastic-group-4, groupId=elastic-group] Resetting generation and member id due to: consumer pro-actively leaving the group
2026-07-04T11:30:00.590+05:30  INFO 8635 --- [TWEET-SERVICE] [ntainer#2-0-C-1] o.a.k.c.c.internals.ConsumerCoordinator  : [Consumer clientId=consumer-elastic-group-4, groupId=elastic-group] Request joining group due to: consumer pro-actively leaving the group
2026-07-04T11:30:00.590+05:30  INFO 8635 --- [TWEET-SERVICE] [ntainer#7-0-C-1] o.a.k.c.c.internals.ConsumerCoordinator  : [Consumer clientId=consumer-tweet-group-2, groupId=tweet-group] Resetting generation and member id due to: consumer pro-actively leaving the group
2026-07-04T11:30:00.590+05:30  INFO 8635 --- [TWEET-SERVICE] [ntainer#7-0-C-1] o.a.k.c.c.internals.ConsumerCoordinator  : [Consumer clientId=consumer-tweet-group-2, groupId=tweet-group] Request joining group due to: consumer pro-actively leaving the group
2026-07-04T11:30:00.590+05:30  INFO 8635 --- [TWEET-SERVICE] [ntainer#6-0-C-1] o.a.k.c.c.internals.ConsumerCoordinator  : [Consumer clientId=consumer-tweet-group-1, groupId=tweet-group] Request joining group due to: consumer pro-actively leaving the group
2026-07-04T11:30:00.584+05:30  INFO 8635 --- [TWEET-SERVICE] [ntainer#3-0-C-1] o.a.k.c.c.i.ClassicKafkaConsumer         : [Consumer clientId=consumer-tweet-group-5, groupId=tweet-group] Unsubscribed all topics or patterns and assigned partitions
2026-07-04T11:30:00.581+05:30  INFO 8635 --- [TWEET-SERVICE] [ntainer#8-0-C-1] o.a.k.c.c.internals.ConsumerCoordinator  : [Consumer clientId=consumer-tweet-group-3, groupId=tweet-group] Resetting generation and member id due to: consumer pro-actively leaving the group
2026-07-04T11:30:00.591+05:30  INFO 8635 --- [TWEET-SERVICE] [ntainer#6-0-C-1] o.a.k.c.c.i.ClassicKafkaConsumer         : [Consumer clientId=consumer-tweet-group-1, groupId=tweet-group] Unsubscribed all topics or patterns and assigned partitions
2026-07-04T11:30:00.593+05:30  INFO 8635 --- [TWEET-SERVICE] [ntainer#8-0-C-1] o.a.k.c.c.internals.ConsumerCoordinator  : [Consumer clientId=consumer-tweet-group-3, groupId=tweet-group] Request joining group due to: consumer pro-actively leaving the group
2026-07-04T11:30:00.594+05:30  INFO 8635 --- [TWEET-SERVICE] [ntainer#8-0-C-1] o.a.k.c.c.i.ClassicKafkaConsumer         : [Consumer clientId=consumer-tweet-group-3, groupId=tweet-group] Unsubscribed all topics or patterns and assigned partitions
2026-07-04T11:30:00.589+05:30  INFO 8635 --- [TWEET-SERVICE] [ntainer#4-0-C-1] o.a.k.c.c.internals.ConsumerCoordinator  : [Consumer clientId=consumer-tweet-group-6, groupId=tweet-group] Resetting generation and member id due to: consumer pro-actively leaving the group
2026-07-04T11:30:00.595+05:30  INFO 8635 --- [TWEET-SERVICE] [ntainer#4-0-C-1] o.a.k.c.c.internals.ConsumerCoordinator  : [Consumer clientId=consumer-tweet-group-6, groupId=tweet-group] Request joining group due to: consumer pro-actively leaving the group
2026-07-04T11:30:00.590+05:30  INFO 8635 --- [TWEET-SERVICE] [ntainer#0-0-C-1] o.a.k.c.c.internals.ConsumerCoordinator  : [Consumer clientId=consumer-elastic-group-8, groupId=elastic-group] Resetting generation and member id due to: consumer pro-actively leaving the group
2026-07-04T11:30:00.596+05:30  INFO 8635 --- [TWEET-SERVICE] [ntainer#0-0-C-1] o.a.k.c.c.internals.ConsumerCoordinator  : [Consumer clientId=consumer-elastic-group-8, groupId=elastic-group] Request joining group due to: consumer pro-actively leaving the group
2026-07-04T11:30:00.597+05:30  INFO 8635 --- [TWEET-SERVICE] [ntainer#8-0-C-1] o.a.k.c.c.internals.ConsumerCoordinator  : [Consumer clientId=consumer-tweet-group-3, groupId=tweet-group] Resetting generation and member id due to: consumer pro-actively leaving the group
2026-07-04T11:30:00.597+05:30  INFO 8635 --- [TWEET-SERVICE] [ntainer#8-0-C-1] o.a.k.c.c.internals.ConsumerCoordinator  : [Consumer clientId=consumer-tweet-group-3, groupId=tweet-group] Request joining group due to: consumer pro-actively leaving the group
2026-07-04T11:30:00.590+05:30  INFO 8635 --- [TWEET-SERVICE] [ntainer#5-0-C-1] o.a.k.c.c.internals.ConsumerCoordinator  : [Consumer clientId=consumer-tweet-group-7, groupId=tweet-group] Resetting generation and member id due to: consumer pro-actively leaving the group
2026-07-04T11:30:00.598+05:30  INFO 8635 --- [TWEET-SERVICE] [ntainer#5-0-C-1] o.a.k.c.c.internals.ConsumerCoordinator  : [Consumer clientId=consumer-tweet-group-7, groupId=tweet-group] Request joining group due to: consumer pro-actively leaving the group
2026-07-04T11:30:00.598+05:30  INFO 8635 --- [TWEET-SERVICE] [ntainer#3-0-C-1] o.a.k.c.c.internals.ConsumerCoordinator  : [Consumer clientId=consumer-tweet-group-5, groupId=tweet-group] Resetting generation and member id due to: consumer pro-actively leaving the group
2026-07-04T11:30:00.599+05:30  INFO 8635 --- [TWEET-SERVICE] [ntainer#3-0-C-1] o.a.k.c.c.internals.ConsumerCoordinator  : [Consumer clientId=consumer-tweet-group-5, groupId=tweet-group] Request joining group due to: consumer pro-actively leaving the group
2026-07-04T11:30:00.602+05:30  INFO 8635 --- [TWEET-SERVICE] [ntainer#1-0-C-1] o.a.k.c.c.internals.ConsumerCoordinator  : [Consumer clientId=consumer-elastic-group-9, groupId=elastic-group] Resetting generation and member id due to: consumer pro-actively leaving the group
2026-07-04T11:30:00.602+05:30  INFO 8635 --- [TWEET-SERVICE] [ntainer#1-0-C-1] o.a.k.c.c.internals.ConsumerCoordinator  : [Consumer clientId=consumer-elastic-group-9, groupId=elastic-group] Request joining group due to: consumer pro-actively leaving the group
2026-07-04T11:30:00.601+05:30  INFO 8635 --- [TWEET-SERVICE] [ntainer#6-0-C-1] o.a.k.c.c.internals.ConsumerCoordinator  : [Consumer clientId=consumer-tweet-group-1, groupId=tweet-group] Resetting generation and member id due to: consumer pro-actively leaving the group
2026-07-04T11:30:00.613+05:30  INFO 8635 --- [TWEET-SERVICE] [ntainer#6-0-C-1] o.a.k.c.c.internals.ConsumerCoordinator  : [Consumer clientId=consumer-tweet-group-1, groupId=tweet-group] Request joining group due to: consumer pro-actively leaving the group
2026-07-04T11:30:00.656+05:30  INFO 8635 --- [TWEET-SERVICE] [ntainer#1-0-C-1] o.apache.kafka.common.metrics.Metrics    : Metrics scheduler closed
2026-07-04T11:30:00.656+05:30  INFO 8635 --- [TWEET-SERVICE] [ntainer#8-0-C-1] o.apache.kafka.common.metrics.Metrics    : Metrics scheduler closed
2026-07-04T11:30:00.657+05:30  INFO 8635 --- [TWEET-SERVICE] [ntainer#8-0-C-1] o.apache.kafka.common.metrics.Metrics    : Closing reporter org.apache.kafka.common.metrics.JmxReporter
2026-07-04T11:30:00.657+05:30  INFO 8635 --- [TWEET-SERVICE] [ntainer#8-0-C-1] o.apache.kafka.common.metrics.Metrics    : Closing reporter org.apache.kafka.common.telemetry.internals.ClientTelemetryReporter
2026-07-04T11:30:00.657+05:30  INFO 8635 --- [TWEET-SERVICE] [ntainer#2-0-C-1] o.apache.kafka.common.metrics.Metrics    : Metrics scheduler closed
2026-07-04T11:30:00.657+05:30  INFO 8635 --- [TWEET-SERVICE] [ntainer#8-0-C-1] o.apache.kafka.common.metrics.Metrics    : Metrics reporters closed
2026-07-04T11:30:00.658+05:30  INFO 8635 --- [TWEET-SERVICE] [ntainer#2-0-C-1] o.apache.kafka.common.metrics.Metrics    : Closing reporter org.apache.kafka.common.metrics.JmxReporter
2026-07-04T11:30:00.658+05:30  INFO 8635 --- [TWEET-SERVICE] [ntainer#2-0-C-1] o.apache.kafka.common.metrics.Metrics    : Closing reporter org.apache.kafka.common.telemetry.internals.ClientTelemetryReporter
2026-07-04T11:30:00.658+05:30  INFO 8635 --- [TWEET-SERVICE] [ntainer#2-0-C-1] o.apache.kafka.common.metrics.Metrics    : Metrics reporters closed
2026-07-04T11:30:00.657+05:30  INFO 8635 --- [TWEET-SERVICE] [ntainer#1-0-C-1] o.apache.kafka.common.metrics.Metrics    : Closing reporter org.apache.kafka.common.metrics.JmxReporter
2026-07-04T11:30:00.659+05:30  INFO 8635 --- [TWEET-SERVICE] [ntainer#1-0-C-1] o.apache.kafka.common.metrics.Metrics    : Closing reporter org.apache.kafka.common.telemetry.internals.ClientTelemetryReporter
2026-07-04T11:30:00.659+05:30  INFO 8635 --- [TWEET-SERVICE] [ntainer#1-0-C-1] o.apache.kafka.common.metrics.Metrics    : Metrics reporters closed
2026-07-04T11:30:00.671+05:30  INFO 8635 --- [TWEET-SERVICE] [ntainer#0-0-C-1] o.apache.kafka.common.metrics.Metrics    : Metrics scheduler closed
2026-07-04T11:30:00.672+05:30  INFO 8635 --- [TWEET-SERVICE] [ntainer#0-0-C-1] o.apache.kafka.common.metrics.Metrics    : Closing reporter org.apache.kafka.common.metrics.JmxReporter
2026-07-04T11:30:00.674+05:30  INFO 8635 --- [TWEET-SERVICE] [ntainer#0-0-C-1] o.apache.kafka.common.metrics.Metrics    : Closing reporter org.apache.kafka.common.telemetry.internals.ClientTelemetryReporter
2026-07-04T11:30:00.675+05:30  INFO 8635 --- [TWEET-SERVICE] [ntainer#0-0-C-1] o.apache.kafka.common.metrics.Metrics    : Metrics reporters closed
2026-07-04T11:30:00.689+05:30  INFO 8635 --- [TWEET-SERVICE] [ntainer#8-0-C-1] o.a.kafka.common.utils.AppInfoParser     : App info kafka.consumer for consumer-tweet-group-3 unregistered
2026-07-04T11:30:00.690+05:30  INFO 8635 --- [TWEET-SERVICE] [ntainer#4-0-C-1] o.apache.kafka.common.metrics.Metrics    : Metrics scheduler closed
2026-07-04T11:30:00.691+05:30  INFO 8635 --- [TWEET-SERVICE] [ntainer#4-0-C-1] o.apache.kafka.common.metrics.Metrics    : Closing reporter org.apache.kafka.common.metrics.JmxReporter
2026-07-04T11:30:00.691+05:30  INFO 8635 --- [TWEET-SERVICE] [ntainer#4-0-C-1] o.apache.kafka.common.metrics.Metrics    : Closing reporter org.apache.kafka.common.telemetry.internals.ClientTelemetryReporter
2026-07-04T11:30:00.691+05:30  INFO 8635 --- [TWEET-SERVICE] [ntainer#4-0-C-1] o.apache.kafka.common.metrics.Metrics    : Metrics reporters closed
2026-07-04T11:30:00.691+05:30  INFO 8635 --- [TWEET-SERVICE] [ntainer#8-0-C-1] o.s.k.l.KafkaMessageListenerContainer    : tweet-group: Consumer stopped
2026-07-04T11:30:00.692+05:30  INFO 8635 --- [TWEET-SERVICE] [ntainer#5-0-C-1] o.apache.kafka.common.metrics.Metrics    : Metrics scheduler closed
2026-07-04T11:30:00.693+05:30  INFO 8635 --- [TWEET-SERVICE] [ntainer#5-0-C-1] o.apache.kafka.common.metrics.Metrics    : Closing reporter org.apache.kafka.common.metrics.JmxReporter
2026-07-04T11:30:00.693+05:30  INFO 8635 --- [TWEET-SERVICE] [ntainer#5-0-C-1] o.apache.kafka.common.metrics.Metrics    : Closing reporter org.apache.kafka.common.telemetry.internals.ClientTelemetryReporter
2026-07-04T11:30:00.693+05:30  INFO 8635 --- [TWEET-SERVICE] [ntainer#5-0-C-1] o.apache.kafka.common.metrics.Metrics    : Metrics reporters closed
2026-07-04T11:30:00.693+05:30  INFO 8635 --- [TWEET-SERVICE] [ntainer#7-0-C-1] o.apache.kafka.common.metrics.Metrics    : Metrics scheduler closed
2026-07-04T11:30:00.694+05:30  INFO 8635 --- [TWEET-SERVICE] [ntainer#7-0-C-1] o.apache.kafka.common.metrics.Metrics    : Closing reporter org.apache.kafka.common.metrics.JmxReporter
2026-07-04T11:30:00.694+05:30  INFO 8635 --- [TWEET-SERVICE] [ntainer#7-0-C-1] o.apache.kafka.common.metrics.Metrics    : Closing reporter org.apache.kafka.common.telemetry.internals.ClientTelemetryReporter
2026-07-04T11:30:00.694+05:30  INFO 8635 --- [TWEET-SERVICE] [ntainer#7-0-C-1] o.apache.kafka.common.metrics.Metrics    : Metrics reporters closed
2026-07-04T11:30:00.718+05:30  INFO 8635 --- [TWEET-SERVICE] [ntainer#1-0-C-1] o.a.kafka.common.utils.AppInfoParser     : App info kafka.consumer for consumer-elastic-group-9 unregistered
2026-07-04T11:30:00.719+05:30  INFO 8635 --- [TWEET-SERVICE] [ntainer#1-0-C-1] o.s.k.l.KafkaMessageListenerContainer    : elastic-group: Consumer stopped
2026-07-04T11:30:00.721+05:30  INFO 8635 --- [TWEET-SERVICE] [ntainer#0-0-C-1] o.a.kafka.common.utils.AppInfoParser     : App info kafka.consumer for consumer-elastic-group-8 unregistered
2026-07-04T11:30:00.727+05:30  INFO 8635 --- [TWEET-SERVICE] [ntainer#6-0-C-1] o.apache.kafka.common.metrics.Metrics    : Metrics scheduler closed
2026-07-04T11:30:00.727+05:30  INFO 8635 --- [TWEET-SERVICE] [ntainer#6-0-C-1] o.apache.kafka.common.metrics.Metrics    : Closing reporter org.apache.kafka.common.metrics.JmxReporter
2026-07-04T11:30:00.728+05:30  INFO 8635 --- [TWEET-SERVICE] [ntainer#6-0-C-1] o.apache.kafka.common.metrics.Metrics    : Closing reporter org.apache.kafka.common.telemetry.internals.ClientTelemetryReporter
2026-07-04T11:30:00.728+05:30  INFO 8635 --- [TWEET-SERVICE] [ntainer#6-0-C-1] o.apache.kafka.common.metrics.Metrics    : Metrics reporters closed
2026-07-04T11:30:00.728+05:30  INFO 8635 --- [TWEET-SERVICE] [ntainer#0-0-C-1] o.s.k.l.KafkaMessageListenerContainer    : elastic-group: Consumer stopped
2026-07-04T11:30:00.733+05:30  INFO 8635 --- [TWEET-SERVICE] [ntainer#2-0-C-1] o.a.kafka.common.utils.AppInfoParser     : App info kafka.consumer for consumer-elastic-group-4 unregistered
2026-07-04T11:30:00.734+05:30  INFO 8635 --- [TWEET-SERVICE] [ntainer#2-0-C-1] o.s.k.l.KafkaMessageListenerContainer    : elastic-group: Consumer stopped
2026-07-04T11:30:00.734+05:30  INFO 8635 --- [TWEET-SERVICE] [ntainer#4-0-C-1] o.a.kafka.common.utils.AppInfoParser     : App info kafka.consumer for consumer-tweet-group-6 unregistered
2026-07-04T11:30:00.734+05:30  INFO 8635 --- [TWEET-SERVICE] [ntainer#4-0-C-1] o.s.k.l.KafkaMessageListenerContainer    : tweet-group: Consumer stopped
2026-07-04T11:30:00.735+05:30  INFO 8635 --- [TWEET-SERVICE] [ntainer#3-0-C-1] o.apache.kafka.common.metrics.Metrics    : Metrics scheduler closed
2026-07-04T11:30:00.736+05:30  INFO 8635 --- [TWEET-SERVICE] [ntainer#3-0-C-1] o.apache.kafka.common.metrics.Metrics    : Closing reporter org.apache.kafka.common.metrics.JmxReporter
2026-07-04T11:30:00.736+05:30  INFO 8635 --- [TWEET-SERVICE] [ntainer#3-0-C-1] o.apache.kafka.common.metrics.Metrics    : Closing reporter org.apache.kafka.common.telemetry.internals.ClientTelemetryReporter
2026-07-04T11:30:00.736+05:30  INFO 8635 --- [TWEET-SERVICE] [ntainer#3-0-C-1] o.apache.kafka.common.metrics.Metrics    : Metrics reporters closed
2026-07-04T11:30:00.739+05:30  INFO 8635 --- [TWEET-SERVICE] [ntainer#7-0-C-1] o.a.kafka.common.utils.AppInfoParser     : App info kafka.consumer for consumer-tweet-group-2 unregistered
2026-07-04T11:30:00.739+05:30  INFO 8635 --- [TWEET-SERVICE] [ntainer#7-0-C-1] o.s.k.l.KafkaMessageListenerContainer    : tweet-group: Consumer stopped
2026-07-04T11:30:00.745+05:30  INFO 8635 --- [TWEET-SERVICE] [ntainer#3-0-C-1] o.a.kafka.common.utils.AppInfoParser     : App info kafka.consumer for consumer-tweet-group-5 unregistered
2026-07-04T11:30:00.745+05:30  INFO 8635 --- [TWEET-SERVICE] [ntainer#3-0-C-1] o.s.k.l.KafkaMessageListenerContainer    : tweet-group: Consumer stopped
2026-07-04T11:30:00.748+05:30  INFO 8635 --- [TWEET-SERVICE] [ntainer#5-0-C-1] o.a.kafka.common.utils.AppInfoParser     : App info kafka.consumer for consumer-tweet-group-7 unregistered
2026-07-04T11:30:00.751+05:30  INFO 8635 --- [TWEET-SERVICE] [ntainer#5-0-C-1] o.s.k.l.KafkaMessageListenerContainer    : tweet-group: Consumer stopped
2026-07-04T11:30:00.753+05:30  INFO 8635 --- [TWEET-SERVICE] [ntainer#6-0-C-1] o.a.kafka.common.utils.AppInfoParser     : App info kafka.consumer for consumer-tweet-group-1 unregistered
2026-07-04T11:30:00.754+05:30  INFO 8635 --- [TWEET-SERVICE] [ntainer#6-0-C-1] o.s.k.l.KafkaMessageListenerContainer    : tweet-group: Consumer stopped
2026-07-04T11:30:00.757+05:30  INFO 8635 --- [TWEET-SERVICE] [ionShutdownHook] o.s.boot.tomcat.GracefulShutdown         : Commencing graceful shutdown. Waiting for active requests to complete
2026-07-04T11:30:00.765+05:30  INFO 8635 --- [TWEET-SERVICE] [tomcat-shutdown] o.s.boot.tomcat.GracefulShutdown         : Graceful shutdown complete
2026-07-04T11:30:01.132+05:30  INFO 8635 --- [TWEET-SERVICE] [ionShutdownHook] j.LocalContainerEntityManagerFactoryBean : Closing JPA EntityManagerFactory for persistence unit 'default'
2026-07-04T11:30:01.149+05:30  INFO 8635 --- [TWEET-SERVICE] [ionShutdownHook] com.zaxxer.hikari.HikariDataSource       : HikariPool-1 - Shutdown initiated...
2026-07-04T11:30:01.186+05:30  INFO 8635 --- [TWEET-SERVICE] [ionShutdownHook] com.zaxxer.hikari.HikariDataSource       : HikariPool-1 - Shutdown completed.
2026-07-04T11:30:01.188+05:30  INFO 8635 --- [TWEET-SERVICE] [ionShutdownHook] com.netflix.discovery.DiscoveryClient    : Shutting down DiscoveryClient ...
2026-07-04T11:30:04.189+05:30  INFO 8635 --- [TWEET-SERVICE] [ionShutdownHook] com.netflix.discovery.DiscoveryClient    : Unregistering ...
2026-07-04T11:30:04.200+05:30  INFO 8635 --- [TWEET-SERVICE] [ionShutdownHook] c.n.d.s.t.d.RedirectingEurekaHttpClient  : Request execution error. endpoint=DefaultEndpoint{ serviceUrl='http://localhost:8761/eureka/} exception=I/O error on DELETE request for "http://localhost:8761/eureka/apps/TWEET-SERVICE/10.10.3.10:TWEET-SERVICE:8085": Connect to http://localhost:8761 failed: Connection refused

org.springframework.web.client.ResourceAccessException: I/O error on DELETE request for "http://localhost:8761/eureka/apps/TWEET-SERVICE/10.10.3.10:TWEET-SERVICE:8085": Connect to http://localhost:8761 failed: Connection refused
	at org.springframework.web.client.DefaultRestClient$DefaultRequestBodyUriSpec.createResourceAccessException(DefaultRestClient.java:779) ~[spring-web-7.0.8.jar:7.0.8]
	at org.springframework.web.client.DefaultRestClient$DefaultRequestBodyUriSpec.exchangeInternal(DefaultRestClient.java:624) ~[spring-web-7.0.8.jar:7.0.8]
	at org.springframework.web.client.DefaultRestClient$DefaultRequestBodyUriSpec.exchange(DefaultRestClient.java:572) ~[spring-web-7.0.8.jar:7.0.8]
	at org.springframework.web.client.RestClient$RequestHeadersSpec.exchange(RestClient.java:747) ~[spring-web-7.0.8.jar:7.0.8]
	at org.springframework.web.client.DefaultRestClient$DefaultResponseSpec.executeAndExtract(DefaultRestClient.java:924) ~[spring-web-7.0.8.jar:7.0.8]
	at org.springframework.web.client.DefaultRestClient$DefaultResponseSpec.toBodilessEntity(DefaultRestClient.java:888) ~[spring-web-7.0.8.jar:7.0.8]
	at org.springframework.cloud.netflix.eureka.http.RestClientEurekaHttpClient.cancel(RestClientEurekaHttpClient.java:73) ~[spring-cloud-netflix-eureka-client-5.0.2.jar:5.0.2]
	at com.netflix.discovery.shared.transport.decorator.EurekaHttpClientDecorator$2.execute(EurekaHttpClientDecorator.java:74) ~[eureka-client-2.0.6.jar:2.0.6]
	at com.netflix.discovery.shared.transport.decorator.RedirectingEurekaHttpClient.execute(RedirectingEurekaHttpClient.java:90) ~[eureka-client-2.0.6.jar:2.0.6]
	at com.netflix.discovery.shared.transport.decorator.EurekaHttpClientDecorator.cancel(EurekaHttpClientDecorator.java:71) ~[eureka-client-2.0.6.jar:2.0.6]
	at com.netflix.discovery.shared.transport.decorator.EurekaHttpClientDecorator$2.execute(EurekaHttpClientDecorator.java:74) ~[eureka-client-2.0.6.jar:2.0.6]
	at com.netflix.discovery.shared.transport.decorator.RetryableEurekaHttpClient.execute(RetryableEurekaHttpClient.java:120) ~[eureka-client-2.0.6.jar:2.0.6]
	at com.netflix.discovery.shared.transport.decorator.EurekaHttpClientDecorator.cancel(EurekaHttpClientDecorator.java:71) ~[eureka-client-2.0.6.jar:2.0.6]
	at com.netflix.discovery.shared.transport.decorator.EurekaHttpClientDecorator$2.execute(EurekaHttpClientDecorator.java:74) ~[eureka-client-2.0.6.jar:2.0.6]
	at com.netflix.discovery.shared.transport.decorator.SessionedEurekaHttpClient.execute(SessionedEurekaHttpClient.java:76) ~[eureka-client-2.0.6.jar:2.0.6]
	at com.netflix.discovery.shared.transport.decorator.EurekaHttpClientDecorator.cancel(EurekaHttpClientDecorator.java:71) ~[eureka-client-2.0.6.jar:2.0.6]
	at com.netflix.discovery.DiscoveryClient.unregister(DiscoveryClient.java:934) ~[eureka-client-2.0.6.jar:2.0.6]
	at com.netflix.discovery.DiscoveryClient.shutdown(DiscoveryClient.java:915) ~[eureka-client-2.0.6.jar:2.0.6]
	at java.base/jdk.internal.reflect.NativeMethodAccessorImpl.invoke0(Native Method) ~[na:na]
	at java.base/jdk.internal.reflect.NativeMethodAccessorImpl.invoke(NativeMethodAccessorImpl.java:77) ~[na:na]
	at java.base/jdk.internal.reflect.DelegatingMethodAccessorImpl.invoke(DelegatingMethodAccessorImpl.java:43) ~[na:na]
	at java.base/java.lang.reflect.Method.invoke(Method.java:569) ~[na:na]
	at org.springframework.beans.factory.annotation.InitDestroyAnnotationBeanPostProcessor$LifecycleMethod.invoke(InitDestroyAnnotationBeanPostProcessor.java:453) ~[spring-beans-7.0.8.jar:7.0.8]
	at org.springframework.beans.factory.annotation.InitDestroyAnnotationBeanPostProcessor$LifecycleMetadata.invokeDestroyMethods(InitDestroyAnnotationBeanPostProcessor.java:411) ~[spring-beans-7.0.8.jar:7.0.8]
	at org.springframework.beans.factory.annotation.InitDestroyAnnotationBeanPostProcessor.postProcessBeforeDestruction(InitDestroyAnnotationBeanPostProcessor.java:237) ~[spring-beans-7.0.8.jar:7.0.8]
	at org.springframework.beans.factory.support.DisposableBeanAdapter.destroy(DisposableBeanAdapter.java:200) ~[spring-beans-7.0.8.jar:7.0.8]
	at org.springframework.beans.factory.support.DisposableBeanAdapter.run(DisposableBeanAdapter.java:193) ~[spring-beans-7.0.8.jar:7.0.8]
	at org.springframework.cloud.context.scope.GenericScope$BeanLifecycleWrapper.destroy(GenericScope.java:387) ~[spring-cloud-context-5.0.2.jar:5.0.2]
	at org.springframework.cloud.context.scope.GenericScope.destroy(GenericScope.java:134) ~[spring-cloud-context-5.0.2.jar:5.0.2]
	at org.springframework.beans.factory.support.DisposableBeanAdapter.destroy(DisposableBeanAdapter.java:209) ~[spring-beans-7.0.8.jar:7.0.8]
	at org.springframework.beans.factory.support.DefaultSingletonBeanRegistry.destroyBean(DefaultSingletonBeanRegistry.java:795) ~[spring-beans-7.0.8.jar:7.0.8]
	at org.springframework.beans.factory.support.DefaultSingletonBeanRegistry.destroySingleton(DefaultSingletonBeanRegistry.java:745) ~[spring-beans-7.0.8.jar:7.0.8]
	at org.springframework.beans.factory.support.DefaultListableBeanFactory.destroySingleton(DefaultListableBeanFactory.java:1507) ~[spring-beans-7.0.8.jar:7.0.8]
	at org.springframework.beans.factory.support.DefaultSingletonBeanRegistry.destroySingletons(DefaultSingletonBeanRegistry.java:704) ~[spring-beans-7.0.8.jar:7.0.8]
	at org.springframework.beans.factory.support.DefaultListableBeanFactory.destroySingletons(DefaultListableBeanFactory.java:1500) ~[spring-beans-7.0.8.jar:7.0.8]
	at org.springframework.context.support.AbstractApplicationContext.destroyBeans(AbstractApplicationContext.java:1246) ~[spring-context-7.0.8.jar:7.0.8]
	at org.springframework.context.support.AbstractApplicationContext.doClose(AbstractApplicationContext.java:1207) ~[spring-context-7.0.8.jar:7.0.8]
	at org.springframework.boot.web.server.servlet.context.ServletWebServerApplicationContext.doClose(ServletWebServerApplicationContext.java:176) ~[spring-boot-web-server-4.0.7.jar:4.0.7]
	at org.springframework.context.support.AbstractApplicationContext.close(AbstractApplicationContext.java:1153) ~[spring-context-7.0.8.jar:7.0.8]
	at org.springframework.boot.SpringApplicationShutdownHook.closeAndWait(SpringApplicationShutdownHook.java:147) ~[spring-boot-4.0.7.jar:4.0.7]
	at java.base/java.lang.Iterable.forEach(Iterable.java:75) ~[na:na]
	at org.springframework.boot.SpringApplicationShutdownHook.run(SpringApplicationShutdownHook.java:116) ~[spring-boot-4.0.7.jar:4.0.7]
	at java.base/java.lang.Thread.run(Thread.java:840) ~[na:na]
Caused by: org.apache.hc.client5.http.HttpHostConnectException: Connect to http://localhost:8761 failed: Connection refused
	at java.base/sun.nio.ch.Net.pollConnect(Native Method) ~[na:na]
	at java.base/sun.nio.ch.Net.pollConnectNow(Net.java:684) ~[na:na]
	at java.base/sun.nio.ch.NioSocketImpl.timedFinishConnect(NioSocketImpl.java:547) ~[na:na]
	at java.base/sun.nio.ch.NioSocketImpl.connect(NioSocketImpl.java:602) ~[na:na]
	at java.base/java.net.SocksSocketImpl.connect(SocksSocketImpl.java:327) ~[na:na]
	at java.base/java.net.Socket.connect(Socket.java:633) ~[na:na]
	at org.apache.hc.client5.http.impl.io.DefaultHttpClientConnectionOperator.connect(DefaultHttpClientConnectionOperator.java:226) ~[httpclient5-5.5.2.jar:5.5.2]
	at org.apache.hc.client5.http.impl.io.PoolingHttpClientConnectionManager.connect(PoolingHttpClientConnectionManager.java:497) ~[httpclient5-5.5.2.jar:5.5.2]
	at org.apache.hc.client5.http.impl.classic.InternalExecRuntime.connectEndpoint(InternalExecRuntime.java:164) ~[httpclient5-5.5.2.jar:5.5.2]
	at org.apache.hc.client5.http.impl.classic.InternalExecRuntime.connectEndpoint(InternalExecRuntime.java:174) ~[httpclient5-5.5.2.jar:5.5.2]
	at org.apache.hc.client5.http.impl.classic.ConnectExec.execute(ConnectExec.java:144) ~[httpclient5-5.5.2.jar:5.5.2]
	at org.apache.hc.client5.http.impl.classic.ExecChainElement.execute(ExecChainElement.java:51) ~[httpclient5-5.5.2.jar:5.5.2]
	at org.apache.hc.client5.http.impl.classic.ProtocolExec.execute(ProtocolExec.java:195) ~[httpclient5-5.5.2.jar:5.5.2]
	at org.apache.hc.client5.http.impl.classic.ExecChainElement.execute(ExecChainElement.java:51) ~[httpclient5-5.5.2.jar:5.5.2]
	at org.apache.hc.client5.http.impl.classic.ContentCompressionExec.execute(ContentCompressionExec.java:168) ~[httpclient5-5.5.2.jar:5.5.2]
	at org.apache.hc.client5.http.impl.classic.ExecChainElement.execute(ExecChainElement.java:51) ~[httpclient5-5.5.2.jar:5.5.2]
	at org.apache.hc.client5.http.impl.classic.HttpRequestRetryExec.execute(HttpRequestRetryExec.java:112) ~[httpclient5-5.5.2.jar:5.5.2]
	at org.apache.hc.client5.http.impl.classic.ExecChainElement.execute(ExecChainElement.java:51) ~[httpclient5-5.5.2.jar:5.5.2]
	at org.apache.hc.client5.http.impl.classic.RedirectExec.execute(RedirectExec.java:110) ~[httpclient5-5.5.2.jar:5.5.2]
	at org.apache.hc.client5.http.impl.classic.ExecChainElement.execute(ExecChainElement.java:51) ~[httpclient5-5.5.2.jar:5.5.2]
	at org.apache.hc.client5.http.impl.classic.InternalHttpClient.doExecute(InternalHttpClient.java:185) ~[httpclient5-5.5.2.jar:5.5.2]
	at org.apache.hc.client5.http.impl.classic.CloseableHttpClient.execute(CloseableHttpClient.java:87) ~[httpclient5-5.5.2.jar:5.5.2]
	at org.apache.hc.client5.http.impl.classic.CloseableHttpClient.execute(CloseableHttpClient.java:55) ~[httpclient5-5.5.2.jar:5.5.2]
	at org.apache.hc.client5.http.classic.HttpClient.executeOpen(HttpClient.java:183) ~[httpclient5-5.5.2.jar:5.5.2]
	at org.springframework.http.client.HttpComponentsClientHttpRequest.executeInternal(HttpComponentsClientHttpRequest.java:99) ~[spring-web-7.0.8.jar:7.0.8]
	at org.springframework.http.client.AbstractStreamingClientHttpRequest.executeInternal(AbstractStreamingClientHttpRequest.java:87) ~[spring-web-7.0.8.jar:7.0.8]
	at org.springframework.http.client.AbstractClientHttpRequest.execute(AbstractClientHttpRequest.java:80) ~[spring-web-7.0.8.jar:7.0.8]
	at org.springframework.http.client.AbstractBufferingClientHttpRequest.executeWithRequestAndBody(AbstractBufferingClientHttpRequest.java:89) ~[spring-web-7.0.8.jar:7.0.8]
	at org.springframework.http.client.InterceptingClientHttpRequest$EndOfChainRequestExecution.execute(InterceptingClientHttpRequest.java:102) ~[spring-web-7.0.8.jar:7.0.8]
	at org.springframework.cloud.netflix.eureka.http.RestClientTransportClientFactory.lambda$newClient$2(RestClientTransportClientFactory.java:98) ~[spring-cloud-netflix-eureka-client-5.0.2.jar:5.0.2]
	at org.springframework.http.client.ClientHttpRequestInterceptor.lambda$apply$0(ClientHttpRequestInterceptor.java:89) ~[spring-web-7.0.8.jar:7.0.8]
	at org.springframework.http.client.InterceptingClientHttpRequest.executeInternal(InterceptingClientHttpRequest.java:73) ~[spring-web-7.0.8.jar:7.0.8]
	at org.springframework.http.client.AbstractBufferingClientHttpRequest.executeInternal(AbstractBufferingClientHttpRequest.java:50) ~[spring-web-7.0.8.jar:7.0.8]
	at org.springframework.http.client.AbstractClientHttpRequest.execute(AbstractClientHttpRequest.java:80) ~[spring-web-7.0.8.jar:7.0.8]
	at org.springframework.web.client.DefaultRestClient$DefaultRequestBodyUriSpec.exchangeInternal(DefaultRestClient.java:614) ~[spring-web-7.0.8.jar:7.0.8]
	... 41 common frames omitted

2026-07-04T11:30:04.224+05:30  WARN 8635 --- [TWEET-SERVICE] [ionShutdownHook] c.n.d.s.t.d.RetryableEurekaHttpClient    : Request execution failed with message: I/O error on DELETE request for "http://localhost:8761/eureka/apps/TWEET-SERVICE/10.10.3.10:TWEET-SERVICE:8085": Connect to http://localhost:8761 failed: Connection refused
2026-07-04T11:30:04.240+05:30  INFO 8635 --- [TWEET-SERVICE] [ionShutdownHook] c.n.d.s.t.d.RedirectingEurekaHttpClient  : Request execution error. endpoint=DefaultEndpoint{ serviceUrl='http://localhost:8761/eureka/}, exception=I/O error on DELETE request for "http://localhost:8761/eureka/apps/TWEET-SERVICE/10.10.3.10:TWEET-SERVICE:8085": Connect to http://localhost:8761 failed: Connection refused

org.springframework.web.client.ResourceAccessException: I/O error on DELETE request for "http://localhost:8761/eureka/apps/TWEET-SERVICE/10.10.3.10:TWEET-SERVICE:8085": Connect to http://localhost:8761 failed: Connection refused
	at org.springframework.web.client.DefaultRestClient$DefaultRequestBodyUriSpec.createResourceAccessException(DefaultRestClient.java:779) ~[spring-web-7.0.8.jar:7.0.8]
	at org.springframework.web.client.DefaultRestClient$DefaultRequestBodyUriSpec.exchangeInternal(DefaultRestClient.java:624) ~[spring-web-7.0.8.jar:7.0.8]
	at org.springframework.web.client.DefaultRestClient$DefaultRequestBodyUriSpec.exchange(DefaultRestClient.java:572) ~[spring-web-7.0.8.jar:7.0.8]
	at org.springframework.web.client.RestClient$RequestHeadersSpec.exchange(RestClient.java:747) ~[spring-web-7.0.8.jar:7.0.8]
	at org.springframework.web.client.DefaultRestClient$DefaultResponseSpec.executeAndExtract(DefaultRestClient.java:924) ~[spring-web-7.0.8.jar:7.0.8]
	at org.springframework.web.client.DefaultRestClient$DefaultResponseSpec.toBodilessEntity(DefaultRestClient.java:888) ~[spring-web-7.0.8.jar:7.0.8]
	at org.springframework.cloud.netflix.eureka.http.RestClientEurekaHttpClient.cancel(RestClientEurekaHttpClient.java:73) ~[spring-cloud-netflix-eureka-client-5.0.2.jar:5.0.2]
	at com.netflix.discovery.shared.transport.decorator.EurekaHttpClientDecorator$2.execute(EurekaHttpClientDecorator.java:74) ~[eureka-client-2.0.6.jar:2.0.6]
	at com.netflix.discovery.shared.transport.decorator.RedirectingEurekaHttpClient.executeOnNewServer(RedirectingEurekaHttpClient.java:120) ~[eureka-client-2.0.6.jar:2.0.6]
	at com.netflix.discovery.shared.transport.decorator.RedirectingEurekaHttpClient.execute(RedirectingEurekaHttpClient.java:79) ~[eureka-client-2.0.6.jar:2.0.6]
	at com.netflix.discovery.shared.transport.decorator.EurekaHttpClientDecorator.cancel(EurekaHttpClientDecorator.java:71) ~[eureka-client-2.0.6.jar:2.0.6]
	at com.netflix.discovery.shared.transport.decorator.EurekaHttpClientDecorator$2.execute(EurekaHttpClientDecorator.java:74) ~[eureka-client-2.0.6.jar:2.0.6]
	at com.netflix.discovery.shared.transport.decorator.RetryableEurekaHttpClient.execute(RetryableEurekaHttpClient.java:120) ~[eureka-client-2.0.6.jar:2.0.6]
	at com.netflix.discovery.shared.transport.decorator.EurekaHttpClientDecorator.cancel(EurekaHttpClientDecorator.java:71) ~[eureka-client-2.0.6.jar:2.0.6]
	at com.netflix.discovery.shared.transport.decorator.EurekaHttpClientDecorator$2.execute(EurekaHttpClientDecorator.java:74) ~[eureka-client-2.0.6.jar:2.0.6]
	at com.netflix.discovery.shared.transport.decorator.SessionedEurekaHttpClient.execute(SessionedEurekaHttpClient.java:76) ~[eureka-client-2.0.6.jar:2.0.6]
	at com.netflix.discovery.shared.transport.decorator.EurekaHttpClientDecorator.cancel(EurekaHttpClientDecorator.java:71) ~[eureka-client-2.0.6.jar:2.0.6]
	at com.netflix.discovery.DiscoveryClient.unregister(DiscoveryClient.java:934) ~[eureka-client-2.0.6.jar:2.0.6]
	at com.netflix.discovery.DiscoveryClient.shutdown(DiscoveryClient.java:915) ~[eureka-client-2.0.6.jar:2.0.6]
	at java.base/jdk.internal.reflect.NativeMethodAccessorImpl.invoke0(Native Method) ~[na:na]
	at java.base/jdk.internal.reflect.NativeMethodAccessorImpl.invoke(NativeMethodAccessorImpl.java:77) ~[na:na]
	at java.base/jdk.internal.reflect.DelegatingMethodAccessorImpl.invoke(DelegatingMethodAccessorImpl.java:43) ~[na:na]
	at java.base/java.lang.reflect.Method.invoke(Method.java:569) ~[na:na]
	at org.springframework.beans.factory.annotation.InitDestroyAnnotationBeanPostProcessor$LifecycleMethod.invoke(InitDestroyAnnotationBeanPostProcessor.java:453) ~[spring-beans-7.0.8.jar:7.0.8]
	at org.springframework.beans.factory.annotation.InitDestroyAnnotationBeanPostProcessor$LifecycleMetadata.invokeDestroyMethods(InitDestroyAnnotationBeanPostProcessor.java:411) ~[spring-beans-7.0.8.jar:7.0.8]
	at org.springframework.beans.factory.annotation.InitDestroyAnnotationBeanPostProcessor.postProcessBeforeDestruction(InitDestroyAnnotationBeanPostProcessor.java:237) ~[spring-beans-7.0.8.jar:7.0.8]
	at org.springframework.beans.factory.support.DisposableBeanAdapter.destroy(DisposableBeanAdapter.java:200) ~[spring-beans-7.0.8.jar:7.0.8]
	at org.springframework.beans.factory.support.DisposableBeanAdapter.run(DisposableBeanAdapter.java:193) ~[spring-beans-7.0.8.jar:7.0.8]
	at org.springframework.cloud.context.scope.GenericScope$BeanLifecycleWrapper.destroy(GenericScope.java:387) ~[spring-cloud-context-5.0.2.jar:5.0.2]
	at org.springframework.cloud.context.scope.GenericScope.destroy(GenericScope.java:134) ~[spring-cloud-context-5.0.2.jar:5.0.2]
	at org.springframework.beans.factory.support.DisposableBeanAdapter.destroy(DisposableBeanAdapter.java:209) ~[spring-beans-7.0.8.jar:7.0.8]
	at org.springframework.beans.factory.support.DefaultSingletonBeanRegistry.destroyBean(DefaultSingletonBeanRegistry.java:795) ~[spring-beans-7.0.8.jar:7.0.8]
	at org.springframework.beans.factory.support.DefaultSingletonBeanRegistry.destroySingleton(DefaultSingletonBeanRegistry.java:745) ~[spring-beans-7.0.8.jar:7.0.8]
	at org.springframework.beans.factory.support.DefaultListableBeanFactory.destroySingleton(DefaultListableBeanFactory.java:1507) ~[spring-beans-7.0.8.jar:7.0.8]
	at org.springframework.beans.factory.support.DefaultSingletonBeanRegistry.destroySingletons(DefaultSingletonBeanRegistry.java:704) ~[spring-beans-7.0.8.jar:7.0.8]
	at org.springframework.beans.factory.support.DefaultListableBeanFactory.destroySingletons(DefaultListableBeanFactory.java:1500) ~[spring-beans-7.0.8.jar:7.0.8]
	at org.springframework.context.support.AbstractApplicationContext.destroyBeans(AbstractApplicationContext.java:1246) ~[spring-context-7.0.8.jar:7.0.8]
	at org.springframework.context.support.AbstractApplicationContext.doClose(AbstractApplicationContext.java:1207) ~[spring-context-7.0.8.jar:7.0.8]
	at org.springframework.boot.web.server.servlet.context.ServletWebServerApplicationContext.doClose(ServletWebServerApplicationContext.java:176) ~[spring-boot-web-server-4.0.7.jar:4.0.7]
	at org.springframework.context.support.AbstractApplicationContext.close(AbstractApplicationContext.java:1153) ~[spring-context-7.0.8.jar:7.0.8]
	at org.springframework.boot.SpringApplicationShutdownHook.closeAndWait(SpringApplicationShutdownHook.java:147) ~[spring-boot-4.0.7.jar:4.0.7]
	at java.base/java.lang.Iterable.forEach(Iterable.java:75) ~[na:na]
	at org.springframework.boot.SpringApplicationShutdownHook.run(SpringApplicationShutdownHook.java:116) ~[spring-boot-4.0.7.jar:4.0.7]
	at java.base/java.lang.Thread.run(Thread.java:840) ~[na:na]
Caused by: org.apache.hc.client5.http.HttpHostConnectException: Connect to http://localhost:8761 failed: Connection refused
	at java.base/sun.nio.ch.Net.pollConnect(Native Method) ~[na:na]
	at java.base/sun.nio.ch.Net.pollConnectNow(Net.java:684) ~[na:na]
	at java.base/sun.nio.ch.NioSocketImpl.timedFinishConnect(NioSocketImpl.java:547) ~[na:na]
	at java.base/sun.nio.ch.NioSocketImpl.connect(NioSocketImpl.java:602) ~[na:na]
	at java.base/java.net.SocksSocketImpl.connect(SocksSocketImpl.java:327) ~[na:na]
	at java.base/java.net.Socket.connect(Socket.java:633) ~[na:na]
	at org.apache.hc.client5.http.impl.io.DefaultHttpClientConnectionOperator.connect(DefaultHttpClientConnectionOperator.java:226) ~[httpclient5-5.5.2.jar:5.5.2]
	at org.apache.hc.client5.http.impl.io.PoolingHttpClientConnectionManager.connect(PoolingHttpClientConnectionManager.java:497) ~[httpclient5-5.5.2.jar:5.5.2]
	at org.apache.hc.client5.http.impl.classic.InternalExecRuntime.connectEndpoint(InternalExecRuntime.java:164) ~[httpclient5-5.5.2.jar:5.5.2]
	at org.apache.hc.client5.http.impl.classic.InternalExecRuntime.connectEndpoint(InternalExecRuntime.java:174) ~[httpclient5-5.5.2.jar:5.5.2]
	at org.apache.hc.client5.http.impl.classic.ConnectExec.execute(ConnectExec.java:144) ~[httpclient5-5.5.2.jar:5.5.2]
	at org.apache.hc.client5.http.impl.classic.ExecChainElement.execute(ExecChainElement.java:51) ~[httpclient5-5.5.2.jar:5.5.2]
	at org.apache.hc.client5.http.impl.classic.ProtocolExec.execute(ProtocolExec.java:195) ~[httpclient5-5.5.2.jar:5.5.2]
	at org.apache.hc.client5.http.impl.classic.ExecChainElement.execute(ExecChainElement.java:51) ~[httpclient5-5.5.2.jar:5.5.2]
	at org.apache.hc.client5.http.impl.classic.ContentCompressionExec.execute(ContentCompressionExec.java:168) ~[httpclient5-5.5.2.jar:5.5.2]
	at org.apache.hc.client5.http.impl.classic.ExecChainElement.execute(ExecChainElement.java:51) ~[httpclient5-5.5.2.jar:5.5.2]
	at org.apache.hc.client5.http.impl.classic.HttpRequestRetryExec.execute(HttpRequestRetryExec.java:112) ~[httpclient5-5.5.2.jar:5.5.2]
	at org.apache.hc.client5.http.impl.classic.ExecChainElement.execute(ExecChainElement.java:51) ~[httpclient5-5.5.2.jar:5.5.2]
	at org.apache.hc.client5.http.impl.classic.RedirectExec.execute(RedirectExec.java:110) ~[httpclient5-5.5.2.jar:5.5.2]
	at org.apache.hc.client5.http.impl.classic.ExecChainElement.execute(ExecChainElement.java:51) ~[httpclient5-5.5.2.jar:5.5.2]
	at org.apache.hc.client5.http.impl.classic.InternalHttpClient.doExecute(InternalHttpClient.java:185) ~[httpclient5-5.5.2.jar:5.5.2]
	at org.apache.hc.client5.http.impl.classic.CloseableHttpClient.execute(CloseableHttpClient.java:87) ~[httpclient5-5.5.2.jar:5.5.2]
	at org.apache.hc.client5.http.impl.classic.CloseableHttpClient.execute(CloseableHttpClient.java:55) ~[httpclient5-5.5.2.jar:5.5.2]
	at org.apache.hc.client5.http.classic.HttpClient.executeOpen(HttpClient.java:183) ~[httpclient5-5.5.2.jar:5.5.2]
	at org.springframework.http.client.HttpComponentsClientHttpRequest.executeInternal(HttpComponentsClientHttpRequest.java:99) ~[spring-web-7.0.8.jar:7.0.8]
	at org.springframework.http.client.AbstractStreamingClientHttpRequest.executeInternal(AbstractStreamingClientHttpRequest.java:87) ~[spring-web-7.0.8.jar:7.0.8]
	at org.springframework.http.client.AbstractClientHttpRequest.execute(AbstractClientHttpRequest.java:80) ~[spring-web-7.0.8.jar:7.0.8]
	at org.springframework.http.client.AbstractBufferingClientHttpRequest.executeWithRequestAndBody(AbstractBufferingClientHttpRequest.java:89) ~[spring-web-7.0.8.jar:7.0.8]
	at org.springframework.http.client.InterceptingClientHttpRequest$EndOfChainRequestExecution.execute(InterceptingClientHttpRequest.java:102) ~[spring-web-7.0.8.jar:7.0.8]
	at org.springframework.cloud.netflix.eureka.http.RestClientTransportClientFactory.lambda$newClient$2(RestClientTransportClientFactory.java:98) ~[spring-cloud-netflix-eureka-client-5.0.2.jar:5.0.2]
	at org.springframework.http.client.ClientHttpRequestInterceptor.lambda$apply$0(ClientHttpRequestInterceptor.java:89) ~[spring-web-7.0.8.jar:7.0.8]
	at org.springframework.http.client.InterceptingClientHttpRequest.executeInternal(InterceptingClientHttpRequest.java:73) ~[spring-web-7.0.8.jar:7.0.8]
	at org.springframework.http.client.AbstractBufferingClientHttpRequest.executeInternal(AbstractBufferingClientHttpRequest.java:50) ~[spring-web-7.0.8.jar:7.0.8]
	at org.springframework.http.client.AbstractClientHttpRequest.execute(AbstractClientHttpRequest.java:80) ~[spring-web-7.0.8.jar:7.0.8]
	at org.springframework.web.client.DefaultRestClient$DefaultRequestBodyUriSpec.exchangeInternal(DefaultRestClient.java:614) ~[spring-web-7.0.8.jar:7.0.8]
	... 42 common frames omitted

2026-07-04T11:30:04.245+05:30  WARN 8635 --- [TWEET-SERVICE] [ionShutdownHook] c.n.d.s.t.d.RetryableEurekaHttpClient    : Request execution failed with message: I/O error on DELETE request for "http://localhost:8761/eureka/apps/TWEET-SERVICE/10.10.3.10:TWEET-SERVICE:8085": Connect to http://localhost:8761 failed: Connection refused
2026-07-04T11:30:04.245+05:30 ERROR 8635 --- [TWEET-SERVICE] [ionShutdownHook] com.netflix.discovery.DiscoveryClient    : DiscoveryClient_TWEET-SERVICE/10.10.3.10:TWEET-SERVICE:8085 - de-registration failedCannot execute request on any known server

com.netflix.discovery.shared.transport.TransportException: Cannot execute request on any known server
	at com.netflix.discovery.shared.transport.decorator.RetryableEurekaHttpClient.execute(RetryableEurekaHttpClient.java:112) ~[eureka-client-2.0.6.jar:2.0.6]
	at com.netflix.discovery.shared.transport.decorator.EurekaHttpClientDecorator.cancel(EurekaHttpClientDecorator.java:71) ~[eureka-client-2.0.6.jar:2.0.6]
	at com.netflix.discovery.shared.transport.decorator.EurekaHttpClientDecorator$2.execute(EurekaHttpClientDecorator.java:74) ~[eureka-client-2.0.6.jar:2.0.6]
	at com.netflix.discovery.shared.transport.decorator.SessionedEurekaHttpClient.execute(SessionedEurekaHttpClient.java:76) ~[eureka-client-2.0.6.jar:2.0.6]
	at com.netflix.discovery.shared.transport.decorator.EurekaHttpClientDecorator.cancel(EurekaHttpClientDecorator.java:71) ~[eureka-client-2.0.6.jar:2.0.6]
	at com.netflix.discovery.DiscoveryClient.unregister(DiscoveryClient.java:934) ~[eureka-client-2.0.6.jar:2.0.6]
	at com.netflix.discovery.DiscoveryClient.shutdown(DiscoveryClient.java:915) ~[eureka-client-2.0.6.jar:2.0.6]
	at java.base/jdk.internal.reflect.NativeMethodAccessorImpl.invoke0(Native Method) ~[na:na]
	at java.base/jdk.internal.reflect.NativeMethodAccessorImpl.invoke(NativeMethodAccessorImpl.java:77) ~[na:na]
	at java.base/jdk.internal.reflect.DelegatingMethodAccessorImpl.invoke(DelegatingMethodAccessorImpl.java:43) ~[na:na]
	at java.base/java.lang.reflect.Method.invoke(Method.java:569) ~[na:na]
	at org.springframework.beans.factory.annotation.InitDestroyAnnotationBeanPostProcessor$LifecycleMethod.invoke(InitDestroyAnnotationBeanPostProcessor.java:453) ~[spring-beans-7.0.8.jar:7.0.8]
	at org.springframework.beans.factory.annotation.InitDestroyAnnotationBeanPostProcessor$LifecycleMetadata.invokeDestroyMethods(InitDestroyAnnotationBeanPostProcessor.java:411) ~[spring-beans-7.0.8.jar:7.0.8]
	at org.springframework.beans.factory.annotation.InitDestroyAnnotationBeanPostProcessor.postProcessBeforeDestruction(InitDestroyAnnotationBeanPostProcessor.java:237) ~[spring-beans-7.0.8.jar:7.0.8]
	at org.springframework.beans.factory.support.DisposableBeanAdapter.destroy(DisposableBeanAdapter.java:200) ~[spring-beans-7.0.8.jar:7.0.8]
	at org.springframework.beans.factory.support.DisposableBeanAdapter.run(DisposableBeanAdapter.java:193) ~[spring-beans-7.0.8.jar:7.0.8]
	at org.springframework.cloud.context.scope.GenericScope$BeanLifecycleWrapper.destroy(GenericScope.java:387) ~[spring-cloud-context-5.0.2.jar:5.0.2]
	at org.springframework.cloud.context.scope.GenericScope.destroy(GenericScope.java:134) ~[spring-cloud-context-5.0.2.jar:5.0.2]
	at org.springframework.beans.factory.support.DisposableBeanAdapter.destroy(DisposableBeanAdapter.java:209) ~[spring-beans-7.0.8.jar:7.0.8]
	at org.springframework.beans.factory.support.DefaultSingletonBeanRegistry.destroyBean(DefaultSingletonBeanRegistry.java:795) ~[spring-beans-7.0.8.jar:7.0.8]
	at org.springframework.beans.factory.support.DefaultSingletonBeanRegistry.destroySingleton(DefaultSingletonBeanRegistry.java:745) ~[spring-beans-7.0.8.jar:7.0.8]
	at org.springframework.beans.factory.support.DefaultListableBeanFactory.destroySingleton(DefaultListableBeanFactory.java:1507) ~[spring-beans-7.0.8.jar:7.0.8]
	at org.springframework.beans.factory.support.DefaultSingletonBeanRegistry.destroySingletons(DefaultSingletonBeanRegistry.java:704) ~[spring-beans-7.0.8.jar:7.0.8]
	at org.springframework.beans.factory.support.DefaultListableBeanFactory.destroySingletons(DefaultListableBeanFactory.java:1500) ~[spring-beans-7.0.8.jar:7.0.8]
	at org.springframework.context.support.AbstractApplicationContext.destroyBeans(AbstractApplicationContext.java:1246) ~[spring-context-7.0.8.jar:7.0.8]
	at org.springframework.context.support.AbstractApplicationContext.doClose(AbstractApplicationContext.java:1207) ~[spring-context-7.0.8.jar:7.0.8]
	at org.springframework.boot.web.server.servlet.context.ServletWebServerApplicationContext.doClose(ServletWebServerApplicationContext.java:176) ~[spring-boot-web-server-4.0.7.jar:4.0.7]
	at org.springframework.context.support.AbstractApplicationContext.close(AbstractApplicationContext.java:1153) ~[spring-context-7.0.8.jar:7.0.8]
	at org.springframework.boot.SpringApplicationShutdownHook.closeAndWait(SpringApplicationShutdownHook.java:147) ~[spring-boot-4.0.7.jar:4.0.7]
	at java.base/java.lang.Iterable.forEach(Iterable.java:75) ~[na:na]
	at org.springframework.boot.SpringApplicationShutdownHook.run(SpringApplicationShutdownHook.java:116) ~[spring-boot-4.0.7.jar:4.0.7]
	at java.base/java.lang.Thread.run(Thread.java:840) ~[na:na]

2026-07-04T11:30:04.248+05:30  INFO 8635 --- [TWEET-SERVICE] [ionShutdownHook] com.netflix.discovery.DiscoveryClient    : Completed shut down of DiscoveryClient
[INFO] ------------------------------------------------------------------------
[INFO] BUILD SUCCESS
[INFO] ------------------------------------------------------------------------
[INFO] Total time:  04:39 min
[INFO] Finished at: 2026-07-04T11:30:04+05:30
[INFO] ------------------------------------------------------------------------
